case,panels,CL,CD_inviscid,CL_wake,CD_trefftz,Cp_min,Cp_min_abs_eta,CD_outer_5_percent,CD_inner_95_percent
c36_s16,4608,0.25936063668169396,0.004567979478659247,0.2639343346453115,0.004541347401146149,-1.1247619372357966,0.9869721044627243,-0.00013652842466299947,0.004704507903322253
c36_s24,6912,0.2591970581598115,0.004442318384803549,0.2624824127385301,0.004606340883103582,-2.3765455583334227,0.9984688102294283,-0.0006833900982620073,0.005125708483065484
c36_s36,10368,0.25887313424984687,0.0040441398169161254,0.26152472541177046,0.004657234165193129,-4.831777655271185,0.9990318304911183,-0.0014017602279022393,0.005445900044818394
c54_s16,6912,0.26099482343991187,0.004607809166026259,0.26408451380615483,0.004565204636981421,-0.9743109841297923,0.9869721044627243,-0.00010420389551518411,0.004712013061541332
c54_s24,10368,0.26169671796473476,0.004657315037417288,0.26265947095347536,0.004628719341912328,-2.0761995038546117,0.9984688102294283,-0.0005968355662618803,0.005254150603679203
c54_s36,15552,0.26247004192515716,0.004611693439440658,0.2617258028818693,0.00467806214043713,-4.407586072606183,0.9990318304911183,-0.001339468993148657,0.005951162432589348
c72_s16,9216,0.26168370521468615,0.004627612621010651,0.2641561024024046,0.004579227375285095,-0.9000264593335361,0.9974384546367498,-7.936947141531441e-05,0.004706982092425922
c72_s24,13824,0.26283213808479433,0.004770987870034969,0.26273834986673966,0.004641683560285873,-1.724839016358453,0.9984688102294283,-0.0004962724786052844,0.005267260348640264
c72_s36,20736,0.26409161038032963,0.004836378578261547,0.26181492956623087,0.004690210629425136,-3.8285558598476275,0.9990318304911183,-0.0012028066295319175,0.006039185207793473
c72_s54,31104,0.2650256216904464,0.004757414251164808,0.2612159326375075,0.0047267539897187915,-7.537777258164413,0.999370188836119,-0.0018511653095622997,0.006608579560727219
c108_s16,13824,0.26212122046413966,0.004627630482899539,0.26422938077839053,0.004595306029959487,-0.8548718155779726,0.9974384546367498,-7.298992240334522e-05,0.004700620405302945
c108_s24,20736,0.263681866621469,0.004871369609804235,0.2628150976170716,0.004656543683807495,-1.4338978512579028,0.9969376204588564,-0.0003708815154453198,0.005242251125249546
c108_s36,31104,0.2654763691118606,0.005038759449939122,0.26189867674397305,0.004704110340101955,-2.840924994624389,0.9990318304911183,-0.0009530329445649697,0.005991792394503947
