direction,fixed,old,new,CL_relative_percent,CD_relative_percent,Cp_rms,Cp_p95,passed
chord,s16,c36_s16,c54_s16,0.6300827986567281,0.8719322745009972,0.01588028419226474,0.03076903706268208,True
chord,s16,c54_s16,c72_s16,0.2639446122703948,0.4297802767181391,0.015440832037943662,0.031251566293395205,True
chord,s16,c72_s16,c108_s16,0.16719239323463864,0.0003859849635468038,0.015088705464911627,0.032911475847883016,True
chord,s24,c36_s24,c54_s24,0.9643858702216068,4.839739838306234,0.01620829727151947,0.035192764904622476,True
chord,s24,c54_s24,c72_s24,0.43386868925601174,2.4407374571920437,0.014658327674671092,0.034394223418484166,True
chord,s24,c72_s24,c108_s24,0.32329704535618564,2.1040032484620497,0.013597541767982705,0.03277380966342208,True
chord,s36,c36_s36,c54_s36,1.3894480343560112,14.033976277242633,0.019650146129742755,0.0420354184316985,False
chord,s36,c54_s36,c72_s36,0.6178108721584641,4.872074472672239,0.016294272027367652,0.04133136972494503,True
chord,s36,c72_s36,c108_s36,0.5243478691113079,4.1845539674506105,0.014961164163717464,0.03636817666931628,True
span,c36,c36_s16,c36_s24,0.06306991067547285,2.750911961027036,0.017788698652763744,0.03323913004234456,True
span,c36,c36_s24,c36_s36,0.12497206267090277,8.963305494930928,0.019554969807265572,0.04019944293112143,False
span,c54,c54_s16,c54_s24,0.2689304391450875,1.0743906617496357,0.016627482415033486,0.03314532842394706,True
span,c54,c54_s24,c54_s36,0.2955038819121292,0.9795686486763766,0.018960034660050636,0.03889017234293468,True
span,c72,c72_s16,c72_s24,0.4388629659481502,3.098255207736167,0.016928267498677707,0.034156644070245414,True
span,c72,c72_s24,c72_s36,0.4791926530419044,1.3705905361293347,0.018399255470200892,0.03724982527613205,True
span,c72,c72_s36,c72_s54,0.3536694364397519,1.6327160047326705,0.020404015763837872,0.04214969109654464,False
span,c108,c108_s16,c108_s24,0.5953910006087471,5.267039531470474,0.01676793086301761,0.0344150528996116,False
span,c108,c108_s24,c108_s36,0.6805558961579194,3.4361966662926458,0.016763406614280926,0.03386531158332747,True
