spacing,case,panels,CL_pressure,CD_pressure,CL_wake,CD_Trefftz,Cp_min,aspect_max
cosine,c24_s16,3072,0.2564882126478295,0.005734819782519202,0.26290766120743425,0.004512436292363104,-0.8086500663209362,112.7027661372817
cosine,c24_s24,4608,0.2560791047347821,0.00522232002940497,0.2616417057847344,0.004573508193448906,-2.6195081778266034,75.40437047077202
cosine,c24_s36,6912,0.25445462211558584,0.004038017331540014,0.2607872902089014,0.0046230128863728,-8.163045462129995,50.349464755091134
cosine,c36_s16,4608,0.2587055598359457,0.005309837936651023,0.26324167086405326,0.00454317366603677,-0.720078666030856,253.3619048903766
cosine,c36_s24,6912,0.25979745948208666,0.00506400968269864,0.26201763166178493,0.00460281189986721,-2.9383888530294726,169.51309709885828
cosine,c36_s36,10368,0.26009508448132335,0.004313494840737898,0.2612005129263367,0.004650502354736823,-10.304322046972388,113.18831593735678
cosine,c54_s16,6912,0.2602594765363192,0.005080161414844874,0.2634451763701937,0.004569098262237207,-0.8277369961299683,569.8365150592282
cosine,c54_s24,10368,0.26196226565442504,0.0050376098072611565,0.26223303558952515,0.00462703538384821,-2.782129637678129,381.2520771404598
cosine,c54_s36,15552,0.2636273573424071,0.004620776085075784,0.2614378539248594,0.004673318712883602,-10.76738593379337,254.57195519220988
bounded,c24_s16,3072,0.256865955924629,0.004635745551392798,0.2636469398767609,0.004511076886804791,-1.3481909473624039,126.22159788370321
bounded,c24_s24,4608,0.2554892924360778,0.0042766618301080086,0.2621471175424502,0.004577886259874386,-2.1544920681193296,84.71745303026742
bounded,c24_s36,6912,0.2537748446034345,0.0034481873594081813,0.26114945442802556,0.004630776203420649,-4.404743281840973,56.64815813318266
bounded,c36_s16,4608,0.25936063668169396,0.004567979478659247,0.2639343346453115,0.004541347401146149,-1.1247619372357966,199.61447922879321
bounded,c36_s24,6912,0.2591970581598115,0.004442318384803549,0.2624824127385301,0.004606340883103582,-2.3765455583334227,133.977310949639
bounded,c36_s36,10368,0.25887313424984687,0.0040441398169161254,0.26152472541177046,0.004657234165193129,-4.831777655271185,89.58682804382828
bounded,c54_s16,6912,0.26099482343991187,0.004607809166026259,0.26408451380615483,0.004565204636981421,-0.9743109841297923,306.8440967900288
bounded,c54_s24,10368,0.26169671796473476,0.004657315037417288,0.26265947095347536,0.004628719341912328,-2.0761995038546117,205.94772046361774
bounded,c54_s36,15552,0.26247004192515716,0.004611693439440658,0.2617258028818693,0.00467806214043713,-4.407586072606183,137.7113997020584
