level,eta,side,x/c,Cp
coarse,0.041,0,0.00021331292250693318,0.1781628674165524
coarse,0.041,0,0.0006869504332282133,0.01891287523122087
coarse,0.041,0,0.0018698194575100084,-0.031442820718746045
coarse,0.041,0,0.00391822630081742,-0.19303013107664668
coarse,0.041,0,0.0072324063651911215,-0.22506738127852263
coarse,0.041,0,0.012091321219538627,-0.3597318586691052
coarse,0.041,0,0.018678888027151085,-0.3466688390164887
coarse,0.041,0,0.027376081399398098,-0.4492183335294173
coarse,0.041,0,0.03812921687102415,-0.39750781218767184
coarse,0.041,0,0.051391399962102326,-0.521520411105235
coarse,0.041,0,0.0669055076641071,-0.4098549623657896
coarse,0.041,0,0.08516783774355026,-0.5216696968260626
coarse,0.041,0,0.10574154715571783,-0.4174688378648524
coarse,0.041,0,0.12913603679033167,-0.4673619978385875
coarse,0.041,0,0.1547485157634134,-0.41027765825399465
coarse,0.041,0,0.18306780290552563,-0.4223597345782051
coarse,0.041,0,0.2133663472648872,-0.4030420082562667
coarse,0.041,0,0.24608035391315397,-0.4029016515784001
coarse,0.041,0,0.2803990408397612,-0.39441822873675947
coarse,0.041,0,0.31667606075325944,-0.373753442621797
coarse,0.041,0,0.3540604756536182,-0.35899703780309955
coarse,0.041,0,0.39279634240488986,-0.3217594587021979
coarse,0.041,0,0.43208511517263903,-0.30552819657675645
coarse,0.041,0,0.4720486479566567,-0.26650157534811747
coarse,0.041,0,0.5119860081811384,-0.25171883760085434
coarse,0.041,0,0.5518914277209972,-0.21241525410087392
coarse,0.041,0,0.5911997209804013,-0.1973494001663374
coarse,0.041,0,0.6297792883321358,-0.15918622628295065
coarse,0.041,0,0.667235065727879,-0.14390700700816228
coarse,0.041,0,0.7033193830447144,-0.10951628378975387
coarse,0.041,0,0.737827562466459,-0.09462444396313785
coarse,0.041,0,0.7704122416909941,-0.06636261074432204
coarse,0.041,0,0.80107031443841,-0.05126696157380706
coarse,0.041,0,0.8293771792425202,-0.029311105103458468
coarse,0.041,0,0.8555365965348749,-0.01452263090646788
coarse,0.041,0,0.8790752940759805,0.0036773155430644966
coarse,0.041,0,0.9003914474052893,0.016084425097511512
coarse,0.041,0,0.918995233851591,0.03344073139345238
coarse,0.041,0,0.9354518166456284,0.04562122450837436
coarse,0.041,0,0.9492879772916782,0.05671107310028855
coarse,0.041,0,0.9611985619994982,0.06957855593405682
coarse,0.041,0,0.9707591964215829,0.07172114953786735
coarse,0.041,0,0.9787474808013689,0.08271065967550095
coarse,0.041,0,0.9848168876350574,0.07338602876769096
coarse,0.041,0,0.9897744803839957,0.0777929248597038
coarse,0.041,0,0.9933752282667978,-0.013375745873459797
coarse,0.041,0,0.9964004468447571,0.06182396946754054
coarse,0.041,0,0.9987232962107256,-0.1561242163792793
coarse,0.041,1,0.00021331292250863362,0.3527575324571185
coarse,0.041,1,0.0006869504332336909,0.4547478449607052
coarse,0.041,1,0.0018698194575142734,0.47886857566171676
coarse,0.041,1,0.003918226300814368,0.4974098526362473
coarse,0.041,1,0.0072324063651846545,0.45827531465564264
coarse,0.041,1,0.012091321219533541,0.44004598027415087
coarse,0.041,1,0.018678888027147404,0.34365481346468874
coarse,0.041,1,0.027376081399395923,0.31280101457334186
coarse,0.041,1,0.038129216871022706,0.22022028353525158
coarse,0.041,1,0.051391399962100626,0.14466188376086353
coarse,0.041,1,0.06690550766410523,0.12338256325435958
coarse,0.041,1,0.08516783774354829,0.028629923081092468
coarse,0.041,1,0.1057415471557159,0.04240306510980363
coarse,0.041,1,0.12913603679032998,-0.014226556296617511
coarse,0.041,1,0.154748515763412,-0.011118877852628328
coarse,0.041,1,0.18306780290552468,-0.03719548341821932
coarse,0.041,1,0.21336634726488643,-0.0502278515828154
coarse,0.041,1,0.24608035391315294,-0.06497476280672743
coarse,0.041,1,0.2803990408397599,-0.08017753699398611
coarse,0.041,1,0.31667606075325777,-0.07827410055288553
coarse,0.041,1,0.35406047565361665,-0.08386688754172988
coarse,0.041,1,0.39279634240488887,-0.0671196469798212
coarse,0.041,1,0.4320851151726386,-0.06728606786747493
coarse,0.041,1,0.47204864795665635,-0.04695550382820168
coarse,0.041,1,0.5119860081762685,-0.04518370564695173
coarse,0.041,1,0.5518914277053151,-0.022981072332493246
coarse,0.041,1,0.5911997209636516,-0.018718459369691853
coarse,0.041,1,0.6297792883262109,0.0037569992709064475
coarse,0.041,1,0.6672350657184166,0.009970830986951396
coarse,0.041,1,0.7033193830141871,0.03000423828490628
coarse,0.041,1,0.7378275624408044,0.03737018667613834
coarse,0.041,1,0.7704122417018664,0.05228535677128454
coarse,0.041,1,0.8010703144654587,0.061220129987397565
coarse,0.041,1,0.8293771792609096,0.07014208952629308
coarse,0.041,1,0.8555365965471581,0.08026378733178896
coarse,0.041,1,0.8790752940852729,0.08501091779321235
coarse,0.041,1,0.9003914474122708,0.09480453069871642
coarse,0.041,1,0.9189952338570913,0.09765459805231014
coarse,0.041,1,0.9354518166595159,0.11002612967677317
coarse,0.041,1,0.949287977325997,0.10502553603887033
coarse,0.041,1,0.9611985620219472,0.12158919559079283
coarse,0.041,1,0.9707591963927438,0.10595703424472823
coarse,0.041,1,0.9787474807680792,0.12413857999930444
coarse,0.041,1,0.9848168876544778,0.09637082941037711
coarse,0.041,1,0.9897744804074936,0.11037248692061609
coarse,0.041,1,0.9933752282350227,0.0019437141883020814
coarse,0.041,1,0.9964004467965988,0.08650881546064515
coarse,0.041,1,0.9987232961936445,-0.1561242163792793
medium,0.041,0,1.6720528176428317e-05,0.2550009085693623
medium,0.041,0,0.00021210850936137876,0.1785817058555368
medium,0.041,0,0.0004528780051101499,0.12571599334426053
medium,0.041,0,0.0011785723510398557,0.01038987407976144
medium,0.041,0,0.0019791686322517114,-0.023245984279212983
medium,0.041,0,0.003580130659165747,-0.1443802299451311
medium,0.041,0,0.005288579924987792,-0.17100949979879565
medium,0.041,0,0.008145585684016835,-0.2771701029467828
medium,0.041,0,0.011137410567489884,-0.28283146059489894
medium,0.041,0,0.01556984721438501,-0.38874581814852394
medium,0.041,0,0.020159249916181465,-0.35307011017901435
medium,0.041,0,0.026425915736851827,-0.48379763028842654
medium,0.041,0,0.032866741871546,-0.39198136261256433
medium,0.041,0,0.041168560637208744,-0.5254431499927701
medium,0.041,0,0.0496566714247724,-0.41560511943823947
medium,0.041,0,0.060135408388622164,-0.5114223229490111
medium,0.041,0,0.07080799393304461,-0.42382327442874557
medium,0.041,0,0.08355195137405345,-0.47381007280783316
medium,0.041,0,0.09649170968074662,-0.41603385325454795
medium,0.041,0,0.1115237010556806,-0.438897561981328
medium,0.041,0,0.12674763105818468,-0.40401094411254457
medium,0.041,0,0.14402252412600255,-0.41614493273743913
medium,0.041,0,0.161479865231746,-0.3969195521170734
medium,0.041,0,0.18088675756572023,-0.40463141232654287
medium,0.041,0,0.2004612970649486,-0.39736146536527817
medium,0.041,0,0.22182723284690278,-0.4026784589583221
medium,0.041,0,0.24334110273982149,-0.40200485777831574
medium,0.041,0,0.2664357247800762,-0.40047325548542423
medium,0.041,0,0.28965322088375484,-0.3972732918347044
medium,0.041,0,0.3141836896233109,-0.3825965748862774
medium,0.041,0,0.3388078367682973,-0.3739567093745859
medium,0.041,0,0.3644329859105755,-0.3510872579994815
medium,0.041,0,0.3901208859884011,-0.3412930757218693
medium,0.041,0,0.4164793121231802,-0.31668732712858505
medium,0.041,0,0.44286832297129247,-0.3079637630116825
medium,0.041,0,0.4695841472295246,-0.2826456745619097
medium,0.041,0,0.49629772699040536,-0.27433001580163907
medium,0.041,0,0.522987323141389,-0.24822160123250733
medium,0.041,0,0.5496421685337923,-0.23973651385382144
medium,0.041,0,0.5759256841775029,-0.21316647019409943
medium,0.041,0,0.6021431658849057,-0.20446468320375244
medium,0.041,0,0.6276550409818047,-0.1778115825193427
medium,0.041,0,0.6530717120807398,-0.1692548112309007
medium,0.041,0,0.67747107944063,-0.14315679711237017
medium,0.041,0,0.7017489142177868,-0.13541881479798468
medium,0.041,0,0.7247281107709767,-0.11070889317634937
medium,0.041,0,0.7475627896080919,-0.10378917942121202
medium,0.041,0,0.7688532222363825,-0.08023399935160103
medium,0.041,0,0.7899804438862734,-0.07361610803570673
medium,0.041,0,0.8093636721941797,-0.051472271412609905
medium,0.041,0,0.8285698906382823,-0.04465469595078542
medium,0.041,0,0.8458846675447783,-0.024295965656572216
medium,0.041,0,0.8630139823818904,-0.016931357360534305
medium,0.041,0,0.8781615395127037,0.0018008610544157924
medium,0.041,0,0.8931208138773999,0.009665310471192678
medium,0.041,0,0.9060681899388203,0.02749694458651886
medium,0.041,0,0.9188301227649395,0.036416446684775505
medium,0.041,0,0.9296104991366292,0.05279584801289693
medium,0.041,0,0.9402138887234266,0.06521523866137735
medium,0.041,0,0.9489260833826679,0.07481270362138004
medium,0.041,0,0.9574751449021852,0.09385419806488837
medium,0.041,0,0.96428104482605,0.08972997853304665
medium,0.041,0,0.9709426359782354,0.11383319133158876
medium,0.041,0,0.976062213600041,0.09817532160025855
medium,0.041,0,0.9810606999457259,0.1204462374203693
medium,0.041,0,0.9847652636558284,0.10181867426918946
medium,0.041,0,0.9883756363831138,0.12161789111370859
medium,0.041,0,0.9909795299597983,0.0961422459467739
medium,0.041,0,0.9935189940391557,0.10768712225642373
medium,0.041,0,0.9953699957646436,0.005506731539826726
medium,0.041,0,0.9971882817919299,0.06740736380156886
medium,0.041,0,0.9986569837385275,-0.1781176861475604
medium,0.041,1,1.6720528176177432e-05,0.38547945418628093
medium,0.041,1,0.000212108509358173,0.4454843426178914
medium,0.041,1,0.0004528780051047699,0.4877042554400736
medium,0.041,1,0.0011785723510407476,0.507367565175807
medium,0.041,1,0.001979168632257761,0.5211069353570175
medium,0.041,1,0.0035801306591649526,0.528127820568127
medium,0.041,1,0.005288579924981115,0.49330707289709597
medium,0.041,1,0.008145585684014606,0.4890968661850338
medium,0.041,1,0.011137410567491611,0.4168823328656504
medium,0.041,1,0.015569847214385344,0.39633055803728223
medium,0.041,1,0.020159249916180517,0.32421593232656043
medium,0.041,1,0.026425915736850658,0.2634873746823291
medium,0.041,1,0.03286674187154463,0.23513296873029055
medium,0.041,1,0.04116856063720724,0.14477898083853802
medium,0.041,1,0.049656671424770836,0.15319227188482887
medium,0.041,1,0.06013540838862055,0.07369850407792922
medium,0.041,1,0.07080799393304299,0.08765835975093883
medium,0.041,1,0.08355195137405161,0.03734816695973686
medium,0.041,1,0.09649170968074457,0.04373030471832373
medium,0.041,1,0.1115237010556788,0.013862630471526138
medium,0.041,1,0.12674763105818312,0.01255091114195983
medium,0.041,1,0.14402252412600122,-0.0083887970875689
medium,0.041,1,0.1614798652317449,-0.015116313547235416
medium,0.041,1,0.18088675756571934,-0.03192807934915787
medium,0.041,1,0.20046129706494784,-0.04342792121826333
medium,0.041,1,0.22182723284690162,-0.057750857544505145
medium,0.041,1,0.24334110273981993,-0.07170500685878656
medium,0.041,1,0.2664357247800747,-0.08045625907401455
medium,0.041,1,0.2896532208837534,-0.090788005054659
medium,0.041,1,0.31418368962330934,-0.08894881259142595
medium,0.041,1,0.33880783676829546,-0.09327812777840361
medium,0.041,1,0.36443298591057366,-0.08410523927304259
medium,0.041,1,0.3901208859883993,-0.08569655301902479
medium,0.041,1,0.4164793121231795,-0.07411502782679413
medium,0.041,1,0.4428683229712929,-0.07505893749430648
medium,0.041,1,0.4695841472295246,-0.06201976893714133
medium,0.041,1,0.4962977269906114,-0.06213445362546688
medium,0.041,1,0.5229873231440071,-0.047695017186062394
medium,0.041,1,0.5496421685379886,-0.04673635321707126
medium,0.041,1,0.575925684174371,-0.03125868758523076
medium,0.041,1,0.6021431658754944,-0.029335952006589002
medium,0.041,1,0.6276550409773223,-0.013226004909700384
medium,0.041,1,0.6530717120810899,-0.010751542509500833
medium,0.041,1,0.6774710794447851,0.005347379369002314
medium,0.041,1,0.7017489142243393,0.007708292849097797
medium,0.041,1,0.7247281107648865,0.022948407306984553
medium,0.041,1,0.7475627895925206,0.0251229387375006
medium,0.041,1,0.7688532222451109,0.03954820616615162
medium,0.041,1,0.7899804439148443,0.041960582444668604
medium,0.041,1,0.8093636721949694,0.055175608958443756
medium,0.041,1,0.8285698906155352,0.058293087493439755
medium,0.041,1,0.8458846675438466,0.06979048203763982
medium,0.041,1,0.8630139824004205,0.07400275323276806
medium,0.041,1,0.8781615395255497,0.08380032802238946
medium,0.041,1,0.8931208138850167,0.08924933053650497
medium,0.041,1,0.9060681899460707,0.09793116382611322
medium,0.041,1,0.9188301227721841,0.10552674393018313
medium,0.041,1,0.9296104991477262,0.11230774679557443
medium,0.041,1,0.94021388873937,0.12494695938185008
medium,0.041,1,0.948926083414075,0.12415862844778737
medium,0.041,1,0.9574751449455208,0.14537400934463596
medium,0.041,1,0.9642810448435338,0.1297007870700182
medium,0.041,1,0.9709426359712954,0.15820257378071956
medium,0.041,1,0.9760622135839386,0.12962326957386994
medium,0.041,1,0.9810606999243631,0.1585353196988012
medium,0.041,1,0.9847652636709019,0.12585319562773556
medium,0.041,1,0.988375636428735,0.15409748080182484
medium,0.041,1,0.9909795299730488,0.1141202665429617
medium,0.041,1,0.9935189940233009,0.13529221097333333
medium,0.041,1,0.9953699957545783,0.019102252944815157
medium,0.041,1,0.9971882817873627,0.08935127647890961
medium,0.041,1,0.9986569837363458,-0.1781176861475604
fine,0.041,0,1.0012218985818548e-05,0.283348355955392
fine,0.041,0,9.329893778037937e-05,0.25096793960957553
fine,0.041,0,0.00020035975933900476,0.2051327693643289
fine,0.041,0,0.00048141153045154885,0.12930075116367834
fine,0.041,0,0.0007956053124186801,0.11226870774152498
fine,0.041,0,0.0013523491496262173,0.024342693928935955
fine,0.041,0,0.0019558121757230628,-1.1834726099779758e-05
fine,0.041,0,0.002901189936433235,-0.08536081553389807
fine,0.041,0,0.003907392049380542,-0.11186599272325726
fine,0.041,0,0.005358737640791464,-0.1883805866196797
fine,0.041,0,0.006883401533819442,-0.20927266155968183
fine,0.041,0,0.008944645967641426,-0.28435063490463963
fine,0.041,0,0.011090245956034942,-0.28648773100337244
fine,0.041,0,0.01385320270382789,-0.3749937093668785
fine,0.041,0,0.016709952167783402,-0.34321271831108935
fine,0.041,0,0.020253124329088244,-0.45401999485648337
fine,0.041,0,0.023898454407114897,-0.38524650198029464
fine,0.041,0,0.02829142796558261,-0.5043339940056821
fine,0.041,0,0.03279327008288324,-0.41526399933071767
fine,0.041,0,0.03809186756529234,-0.5223595423304745
fine,0.041,0,0.04350468153308722,-0.434778145610621
fine,0.041,0,0.04975338970661539,-0.5186129807882893
fine,0.041,0,0.0561204534744859,-0.444154400740508
fine,0.041,0,0.06335370354806108,-0.5048555430836907
fine,0.041,0,0.07070815330281806,-0.4450407010944064
fine,0.041,0,0.07894960383416516,-0.4874332411148534
fine,0.041,0,0.08731347395871887,-0.4397916163148197
fine,0.041,0,0.09657327279517482,-0.4692126706273101
fine,0.041,0,0.10595507676425997,-0.43157944194215925
fine,0.041,0,0.11622977621239979,-0.45179523249086917
fine,0.041,0,0.12662447318519182,-0.42281012522521894
fine,0.041,0,0.1378973729429874,-0.4367861443248992
fine,0.041,0,0.14928669980396567,-0.4152623705709215
fine,0.041,0,0.16152809929361903,-0.4254369245244352
fine,0.041,0,0.1738808272474105,-0.41031400517691496
fine,0.041,0,0.18704831340175368,-0.4185842093766481
fine,0.041,0,0.20032059611937025,-0.4091109548887373
fine,0.041,0,0.21435983327202368,-0.41684274839159613
fine,0.041,0,0.22849605559399122,-0.41137813168112497
fine,0.041,0,0.2433420646056642,-0.41709646205752393
fine,0.041,0,0.2582757459125879,-0.4129987121694893
fine,0.041,0,0.2738510575704704,-0.41484735018470564
fine,0.041,0,0.2895032182101128,-0.4088999995398084
fine,0.041,0,0.30571779869968,-0.40392327904359937
fine,0.041,0,0.32199716978010867,-0.3947643907770917
fine,0.041,0,0.338750711286148,-0.3841789942622118
fine,0.041,0,0.35555642012867356,-0.37356518219821244
fine,0.041,0,0.37274391601490137,-0.3605103563330341
fine,0.041,0,0.3899706297753293,-0.35044590424934774
fine,0.041,0,0.40748435984250525,-0.3366361700980316
fine,0.041,0,0.42502398810591646,-0.3277268915381577
fine,0.041,0,0.44275315251289815,-0.31347715306148105
fine,0.041,0,0.46049460175724793,-0.3053874034856783
fine,0.041,0,0.47832595767610175,-0.29048824185374666
fine,0.041,0,0.496155902686114,-0.2828278735061236
fine,0.041,0,0.5139755219491796,-0.26733281869299486
fine,0.041,0,0.5317801261435244,-0.25994895685857045
fine,0.041,0,0.5494748424447158,-0.24397909629462491
fine,0.041,0,0.5671411954763478,-0.23682889086386227
fine,0.041,0,0.5845999717067853,-0.22050059412584755
fine,0.041,0,0.6020174589978972,-0.21361103461942446
fine,0.041,0,0.6191327728765947,-0.19703388732705585
fine,0.041,0,0.6361944617459422,-0.19051998177842933
fine,0.041,0,0.6528636955817915,-0.17383951028909195
fine,0.041,0,0.6694677086922712,-0.16793382146177027
fine,0.041,0,0.6855944034345137,-0.15138017078850807
fine,0.041,0,0.7016451319086215,-0.1464082285811894
fine,0.041,0,0.7171399006790992,-0.13029310355078905
fine,0.041,0,0.7325488390722088,-0.12630454506922928
fine,0.041,0,0.7473296272042117,-0.1103502366545801
fine,0.041,0,0.7620158411770487,-0.1071483184935551
fine,0.041,0,0.7760099134560485,-0.09115689199986043
fine,0.041,0,0.7899019456799179,-0.08861778690084132
fine,0.041,0,0.8030471969942876,-0.07257452102273643
fine,0.041,0,0.8160842984432258,-0.07059316385711667
fine,0.041,0,0.8283299042901101,-0.054422276487666954
fine,0.041,0,0.8404626944915277,-0.05285226773240504
fine,0.041,0,0.8517698425446761,-0.03636246871646942
fine,0.041,0,0.8629610358875363,-0.035115748968592486
fine,0.041,0,0.8733036138126642,-0.018068049220421045
fine,0.041,0,0.8835286673026941,-0.017162755059261903
fine,0.041,0,0.8928936173321883,0.0007224815501001292
fine,0.041,0,0.9021410529168081,0.0013633101978325346
fine,0.041,0,0.91052845815442,0.020152270708943876
fine,0.041,0,0.9187999201741204,0.021205238827510797
fine,0.041,0,0.9262228508831359,0.04032555096164259
fine,0.041,0,0.9335329778685572,0.043517076823866074
fine,0.041,0,0.9400175499560182,0.060664567110195855
fine,0.041,0,0.946393989202073,0.0687907887814635
fine,0.041,0,0.9519790574365269,0.07946536314028707
fine,0.041,0,0.9574621312403011,0.09578744917958704
fine,0.041,0,0.96219875803746,0.09410616644031711
fine,0.041,0,0.9668409118484522,0.12086115596544234
fine,0.041,0,0.9707916644009635,0.10270263680161607
fine,0.041,0,0.9746567460135975,0.13873935631552348
fine,0.041,0,0.9778948442095979,0.10611211974094592
fine,0.041,0,0.9810572335406342,0.14530318092433214
fine,0.041,0,0.983665546975076,0.10681270179861525
fine,0.041,0,0.9862091389674161,0.14228471466498038
fine,0.041,0,0.9882790665998642,0.1064704828941142
fine,0.041,0,0.9902961348206724,0.13746166301025176
fine,0.041,0,0.9919263510405697,0.10524920039269836
fine,0.041,0,0.9935162848355111,0.1341048984119001
fine,0.041,0,0.9948114114010034,0.09840298836901762
fine,0.041,0,0.9960793758110943,0.11800040021670578
fine,0.041,0,0.99714855378297,0.012820350136663494
fine,0.041,0,0.9982040539602339,0.07025148155446181
fine,0.041,0,0.9991594530949516,-0.18297858619477458
fine,0.041,1,1.0012218984884703e-05,0.39123735305617546
fine,0.041,1,9.329893777182145e-05,0.4228083127644771
fine,0.041,1,0.0002003597593248716,0.47356302131633343
fine,0.041,1,0.0004814115304471305,0.4797417588091666
fine,0.041,1,0.0007956053124229313,0.5147089382199694
fine,0.041,1,0.0013523491496317368,0.5243657117861902
fine,0.041,1,0.0019558121757290003,0.5378581669799973
fine,0.041,1,0.002901189936433207,0.544868908771046
fine,0.041,1,0.003907392049375358,0.5301167115525254
fine,0.041,1,0.00535873764078699,0.5359344871885353
fine,0.041,1,0.006883401533815915,0.4937813407896633
fine,0.041,1,0.008944645967640757,0.49549791621306694
fine,0.041,1,0.011090245956036363,0.4384401615705183
fine,0.041,1,0.013853202703825897,0.42394979973649444
fine,0.041,1,0.016709952167778732,0.3742815660712028
fine,0.041,1,0.02025312432908642,0.3312583761759881
fine,0.041,1,0.023898454407115455,0.3066365642084955
fine,0.041,1,0.028291427965582164,0.24016229214409923
fine,0.041,1,0.032793270082881874,0.2394377373753582
fine,0.041,1,0.038091867565290864,0.16694675750532528
fine,0.041,1,0.043504681533085655,0.17749701396090645
fine,0.041,1,0.049753389706613915,0.1134650588670638
fine,0.041,1,0.056120453474484536,0.12525890085710867
fine,0.041,1,0.06335370354805961,0.07436605319513356
fine,0.041,1,0.07070815330281652,0.0837386550303979
fine,0.041,1,0.07894960383416381,0.04461939644516666
fine,0.041,1,0.08731347395871772,0.05149503837024705
fine,0.041,1,0.0965732727951737,0.02124150990998319
fine,0.041,1,0.10595507676425885,0.025942006995807065
fine,0.041,1,0.1162297762123984,0.0024302365487509636
fine,0.041,1,0.12662447318519027,0.004865303897993556
fine,0.041,1,0.13789737294298612,-0.013713266259741674
fine,0.041,1,0.14928669980396456,-0.013625337294841834
fine,0.041,1,0.1615280992936178,-0.028963645304597385
fine,0.041,1,0.17388082724740922,-0.031198450953855646
fine,0.041,1,0.18704831340175268,-0.04472607738199419
fine,0.041,1,0.20032059611936948,-0.049318722285414784
fine,0.041,1,0.21435983327202246,-0.06213453881503316
fine,0.041,1,0.22849605559398964,-0.06841092019901485
fine,0.041,1,0.24334206460566277,-0.07956600382301904
fine,0.041,1,0.25827574591258656,-0.08593667896230506
fine,0.041,1,0.27385105757046896,-0.09406110240246734
fine,0.041,1,0.2895032182101114,-0.0982628332876474
fine,0.041,1,0.30571779869967874,-0.10100385464751982
fine,0.041,1,0.3219971697801074,-0.10191170094135438
fine,0.041,1,0.3387507112861465,-0.09996394302631506
fine,0.041,1,0.3555564201286719,-0.0988083734639309
fine,0.041,1,0.3727439160148996,-0.09446695490501167
fine,0.041,1,0.38997062977532754,-0.09284875333169684
fine,0.041,1,0.40748435984250436,-0.08745755343230144
fine,0.041,1,0.42502398810591646,-0.08599800192434404
fine,0.041,1,0.44275315251289815,-0.07985535845803593
fine,0.041,1,0.46049460175724793,-0.07843089288849736
fine,0.041,1,0.47832595767610153,-0.07141137955304355
fine,0.041,1,0.49615590268611387,-0.06981261915083592
fine,0.041,1,0.51397552194918,-0.061988746455291066
fine,0.041,1,0.5317801261419213,-0.060166964746722895
fine,0.041,1,0.5494748424297697,-0.0516629474181416
fine,0.041,1,0.5671411954506762,-0.049642479070157286
fine,0.041,1,0.5845999716895395,-0.04057882900098053
fine,0.041,1,0.6020174589890963,-0.038430863415072736
fine,0.041,1,0.61913277287638,-0.02892349643098058
fine,0.041,1,0.6361944617505388,-0.026785810778718888
fine,0.041,1,0.652863695563573,-0.016983371562449667
fine,0.041,1,0.6694677086567409,-0.015090422405055426
fine,0.041,1,0.6855944034219459,-0.005219071542068798
fine,0.041,1,0.7016451319145943,-0.0038865730626511663
fine,0.041,1,0.7171399006712496,0.005748290871048223
fine,0.041,1,0.7325488390521356,0.006440445491175062
fine,0.041,1,0.7473296271836148,0.01604061112853017
fine,0.041,1,0.7620158411591168,0.016236391985142817
fine,0.041,1,0.7760099134641197,0.025942386403140283
fine,0.041,1,0.7899019457103529,0.025734450065109216
fine,0.041,1,0.8030471970204518,0.035532151870679596
fine,0.041,1,0.8160842984657768,0.03500453379439006
fine,0.041,1,0.8283299043138603,0.044942390904069485
fine,0.041,1,0.8404626945159851,0.04422440786942772
fine,0.041,1,0.8517698425662391,0.054472684295913565
fine,0.041,1,0.8629610359033411,0.05365549759034849
fine,0.041,1,0.8733036138017524,0.06445248994534047
fine,0.041,1,0.8835286672704472,0.06355776859375573
fine,0.041,1,0.8928936173179925,0.07519007130568289
fine,0.041,1,0.9021410529188079,0.07437710383373342
fine,0.041,1,0.9105284581590344,0.08690482880156913
fine,0.041,1,0.9187999201807997,0.0869713126952334
fine,0.041,1,0.9262228508878537,0.09976830594767949
fine,0.041,1,0.9335329778715994,0.10260200343840087
fine,0.041,1,0.9400175499594822,0.11327337181072104
fine,0.041,1,0.9463939892084149,0.12186550692486897
fine,0.041,1,0.9519790574637254,0.12577075751929945
fine,0.041,1,0.957462131283837,0.1435750280173811
fine,0.041,1,0.9621987580642594,0.13464450479882162
fine,0.041,1,0.9668409118596722,0.16403672944017444
fine,0.041,1,0.9707916644050731,0.13794838083625705
fine,0.041,1,0.974656746010109,0.17784738621791907
fine,0.041,1,0.9778948441949421,0.13645420958878773
fine,0.041,1,0.9810572335157238,0.18075862435348422
fine,0.041,1,0.9836655469465893,0.1326250236435419
fine,0.041,1,0.9862091389357615,0.17439236835179128
fine,0.041,1,0.9882790665680316,0.12819511835779485
fine,0.041,1,0.9902961347896228,0.16643543886885326
fine,0.041,1,0.9919263510173401,0.1233915472246846
fine,0.041,1,0.9935162848156627,0.16025271263921037
fine,0.041,1,0.9948114113520542,0.11341476833142006
fine,0.041,1,0.9960793757410235,0.1418503758322931
fine,0.041,1,0.9971485537501753,0.025287570870269116
fine,0.041,1,0.9982040539602344,0.0900463395140263
fine,0.041,1,0.999159453094952,-0.18297858619477458
coarse,0.163,0,0.00011075114577137767,-0.01587919031446461
coarse,0.163,0,0.0005843886564926577,-0.2396054418343896
coarse,0.163,0,0.0014262560982504558,-0.2724137016801125
coarse,0.163,0,0.003474662941557867,-0.42661103653985194
coarse,0.163,0,0.006180253760745193,-0.4691589419578261
coarse,0.163,0,0.011039168615092755,-0.5564582515393193
coarse,0.163,0,0.01679559207892265,-0.5496613958932455
coarse,0.163,0,0.025492785451169692,-0.5782980293892461
coarse,0.163,0,0.035257415059672975,-0.5527245268561616
coarse,0.163,0,0.04851959815075117,-0.5505331829821793
coarse,0.163,0,0.06295097074952337,-0.5319944282440381
coarse,0.163,0,0.0812133008289665,-0.5415333617238587
coarse,0.163,0,0.10067568905023619,-0.5064139633879334
coarse,0.163,0,0.12407017868485011,-0.5571060333425149
coarse,0.163,0,0.14861623878062905,-0.4827278729768478
coarse,0.163,0,0.17693552592274134,-0.5486241309849007
coarse,0.163,0,0.20628243484233535,-0.4691492803435382
coarse,0.163,0,0.23899644149060223,-0.5184746201994062
coarse,0.163,0,0.2725435911914985,-0.4454708987965433
coarse,0.163,0,0.30882061110499676,-0.4557840771844648
coarse,0.163,0,0.3456725857009155,-0.3848000396539386
coarse,0.163,0,0.38440845245218724,-0.3681305790581637
coarse,0.163,0,0.4234313856132623,-0.306404064014856
coarse,0.163,0,0.46339491839727986,-0.284962813237688
coarse,0.163,0,0.5033448625017073,-0.23513642210227448
coarse,0.163,0,0.5432502820415661,-0.21251776247011178
coarse,0.163,0,0.5828456762020279,-0.17109852456381924
coarse,0.163,0,0.6214252435537624,-0.14886728544306038
coarse,0.163,0,0.6594213440260899,-0.11432581858739144
coarse,0.163,0,0.6955056613429254,-0.0945271071837086
coarse,0.163,0,0.7307716546889328,-0.0656264243854161
coarse,0.163,0,0.7633563339134679,-0.050239380529775834
coarse,0.163,0,0.7949407273968316,-0.023884883384345024
coarse,0.163,0,0.8232475922009415,-0.015032974021091492
coarse,0.163,0,0.8504395115548864,0.011976724966728303
coarse,0.163,0,0.8739782090959921,0.012142263244227958
coarse,0.163,0,0.896362971305422,0.03858422548888896
coarse,0.163,0,0.9149667577517233,0.03286890479215887
coarse,0.163,0,0.9324557253586514,0.05448882311640446
coarse,0.163,0,0.9462918860047015,0.04881654025562421
coarse,0.163,0,0.9591282959609092,0.0671678608766848
coarse,0.163,0,0.9686889303829938,0.06035643440492588
coarse,0.163,0,0.9774332074710198,0.07827593701484126
coarse,0.163,0,0.9835026143047083,0.062015585821091235
coarse,0.163,0,0.9889947720794855,0.07167998850992763
coarse,0.163,0,0.9925955199622876,-0.018002364794236447
coarse,0.163,0,0.9958974555219203,0.06099452622376756
coarse,0.163,0,0.9982203048878888,-0.15851635165501776
coarse,0.163,1,0.0001107511457722697,0.2022723260125846
coarse,0.163,1,0.0005843886564972294,0.339385438230588
coarse,0.163,1,0.0014262560982561982,0.4099845570076177
coarse,0.163,1,0.003474662941556306,0.42310927338091164
coarse,0.163,1,0.006180253760738446,0.43961017479434544
coarse,0.163,1,0.01103916861508729,0.4102025985528932
coarse,0.163,1,0.016795592078918693,0.34526014641685565
coarse,0.163,1,0.025492785451167184,0.3118364378611638
coarse,0.163,1,0.03525741505967158,0.225383050509662
coarse,0.163,1,0.0485195981507495,0.21221889700958796
coarse,0.163,1,0.06295097074952147,0.12344681188071871
coarse,0.163,1,0.08121330082896455,0.11183286853187104
coarse,0.163,1,0.10067568905023429,0.04598453267538338
coarse,0.163,1,0.12407017868484832,0.0012241645673845003
coarse,0.163,1,0.1486162387806275,-0.013402411083690557
coarse,0.163,1,0.17693552592274023,-0.07789995947972495
coarse,0.163,1,0.20628243484233458,-0.06626847026809735
coarse,0.163,1,0.2389964414906011,-0.12216320124138981
coarse,0.163,1,0.2725435911914973,-0.10169338296096563
coarse,0.163,1,0.3088206111049952,-0.12823708760867114
coarse,0.163,1,0.34567258570091375,-0.09980677058415188
coarse,0.163,1,0.384408452452186,-0.10343471360028378
coarse,0.163,1,0.42343138561326155,-0.07385858163382841
coarse,0.163,1,0.4633949183972794,-0.07113251431521683
coarse,0.163,1,0.5033448624991786,-0.0447398199912441
coarse,0.163,1,0.5432502820282252,-0.03915212477120722
coarse,0.163,1,0.5828456761829341,-0.015167822288324471
coarse,0.163,1,0.6214252435454934,-0.008448433795444243
coarse,0.163,1,0.659421344021189,0.013186988480319848
coarse,0.163,1,0.6955056613169595,0.018932335668285116
coarse,0.163,1,0.7307716546553685,0.038610085183426346
coarse,0.163,1,0.7633563339164307,0.041066366544512345
coarse,0.163,1,0.7949407274257551,0.06127438190812795
coarse,0.163,1,0.8232475922212062,0.057670970751323214
coarse,0.163,1,0.850439511567817,0.08132335827597725
coarse,0.163,1,0.8739782091059318,0.0689258935953313
coarse,0.163,1,0.8963629713127237,0.09481286549437673
coarse,0.163,1,0.9149667577575443,0.0759903596837278
coarse,0.163,1,0.9324557253681152,0.09985175204945773
coarse,0.163,1,0.946291886034596,0.08041610066151972
coarse,0.163,1,0.9591282959944644,0.10347224510027563
coarse,0.163,1,0.9686889303652606,0.08263359193961717
coarse,0.163,1,0.977433207426316,0.10719793863089676
coarse,0.163,1,0.9835026143127148,0.07721123960173959
coarse,0.163,1,0.9889947721149522,0.09477708211846836
coarse,0.163,1,0.9925955199424813,-0.007538784336630577
coarse,0.163,1,0.9958974554670327,0.0786010815306395
coarse,0.163,1,0.9982203048640785,-0.15851635165501776
medium,0.163,0,0.00016155755898924253,0.010605176877518274
medium,0.163,0,0.00035694554017422084,-0.1521950289926124
medium,0.163,0,0.000990820071478284,-0.17509847945291646
medium,0.163,0,0.0017165144174079339,-0.3078313817165039
medium,0.163,0,0.003165928355219754,-0.35208229908855193
medium,0.163,0,0.004766890382133817,-0.4551748420138719
medium,0.163,0,0.007406418640774807,-0.49546039253416985
medium,0.163,0,0.010263424399803836,-0.548822925146804
medium,0.163,0,0.014423083305950839,-0.5758264518942731
medium,0.163,0,0.018855519952845907,-0.584749652626684
medium,0.163,0,0.02480459844303404,-0.6041949571518068
medium,0.163,0,0.031071264263704435,-0.5818685702481414
medium,0.163,0,0.039020706783168324,-0.601377728937724
medium,0.163,0,0.04732252554883104,-0.5679487155513276
medium,0.163,0,0.05742434034334382,-0.5844734919521324
medium,0.163,0,0.0679030773071936,-0.5730789148155795
medium,0.163,0,0.08025482349424332,-0.5632506517771405
medium,0.163,0,0.09299878093525217,-0.5931488343022013
medium,0.163,0,0.10763461102373545,-0.5411909540880477
medium,0.163,0,0.12266660239866932,-0.6004782612902704
medium,0.163,0,0.13955314859502685,-0.5239982167664996
medium,0.163,0,0.15682804166284475,-0.5883265569874727
medium,0.163,0,0.17586578930911623,-0.5117579783484378
medium,0.163,0,0.19527268164309045,-0.565733761322325
medium,0.163,0,0.21629941914609557,-0.501360184485419
medium,0.163,0,0.23766535492804966,-0.5419573967943494
medium,0.163,0,0.2604606638498214,-0.48865695537348536
medium,0.163,0,0.28355528589007617,-0.5124570026809057
medium,0.163,0,0.30783714517191957,-0.46099092663639424
medium,0.163,0,0.33236761391147573,-0.4642664122961162
medium,0.163,0,0.35780322478241766,-0.4117317647292809
medium,0.163,0,0.38342837392469575,-0.4031371866548721
medium,0.163,0,0.4096598369264694,-0.3548750318521108
medium,0.163,0,0.43601826306124847,-0.34322398296140255
medium,0.163,0,0.4626722056759162,-0.30197562066048733
medium,0.163,0,0.4893880299341482,-0.28867205677992147
medium,0.163,0,0.5160821673467604,-0.25348830600520644
medium,0.163,0,0.5427717634977441,-0.23853009923644278
medium,0.163,0,0.5691255898889391,-0.2083069831048916
medium,0.163,0,0.5954091055326497,-0.19222012250902565
medium,0.163,0,0.6210545862143129,-0.16623437299813104
medium,0.163,0,0.6465664613112119,-0.14957463863781828
medium,0.163,0,0.6711584536535136,-0.12724269716265768
medium,0.163,0,0.695557821013404,-0.11093972917101659
medium,0.163,0,0.7187829128242733,-0.09164783390845521
medium,0.163,0,0.741762109377463,-0.07705491848611934
medium,0.163,0,0.7633449427779099,-0.05915724498880403
medium,0.163,0,0.7846353754062005,-0.047198511675013544
medium,0.163,0,0.8043488263152165,-0.028099355842468924
medium,0.163,0,0.823732054623123,-0.020925576690723702
medium,0.163,0,0.8414049732319748,0.002015295747692214
medium,0.163,0,0.8587197501384707,0.0013977423698106062
medium,0.163,0,0.8742425502067359,0.030195397665705115
medium,0.163,0,0.8893901073375493,0.01934662121417008
medium,0.163,0,0.902718433414593,0.053805256955828384
medium,0.163,0,0.9156658094760136,0.03324793715913521
medium,0.163,0,0.9268213906784066,0.06972486980913573
medium,0.163,0,0.9376017670500962,0.04449381131100183
medium,0.163,0,0.9466720567164391,0.07789620252336671
medium,0.163,0,0.9553842513756803,0.05445689935126952
medium,0.163,0,0.9625202164106974,0.08327815197775112
medium,0.163,0,0.9693261163345624,0.06382388827928609
medium,0.163,0,0.97473767197411,0.08995103890080003
medium,0.163,0,0.9798572495959156,0.07258522698878878
medium,0.163,0,0.9838068156739002,0.09772731468456941
medium,0.163,0,0.9875113793840029,0.07953460230804232
medium,0.163,0,0.9903058483230314,0.10373835348528639
medium,0.163,0,0.9929097418997161,0.07855443660419659
medium,0.163,0,0.9948911029699263,0.09305754522430876
medium,0.163,0,0.9967421046954142,-0.00047016726689075306
medium,0.163,0,0.998276999878908,0.06173498887330298
medium,0.163,0,0.9997457018255058,-0.18078758390898508
medium,0.163,1,0.00016155755898678944,0.17433411013062816
medium,0.163,1,0.0003569455401688129,0.24792292783749795
medium,0.163,1,0.0009908200714775035,0.34598400953793296
medium,0.163,1,0.001716514417413509,0.34526141119561804
medium,0.163,1,0.0031659283552207015,0.4419661000896342
medium,0.163,1,0.004766890382127908,0.42538005478547214
medium,0.163,1,0.007406418640771406,0.4620046454364849
medium,0.163,1,0.010263424399804896,0.43160269685463387
medium,0.163,1,0.014423083305951564,0.4128145627538902
medium,0.163,1,0.018855519952845297,0.38655449711762246
medium,0.163,1,0.024804598443032982,0.33142478634230144
medium,0.163,1,0.031071264263703095,0.3233455725627665
medium,0.163,1,0.03902070678316682,0.24627613919176572
medium,0.163,1,0.04732252554882937,0.25696956045118546
medium,0.163,1,0.057424340343342206,0.17052323044231965
medium,0.163,1,0.06790307730719203,0.1781261522620362
medium,0.163,1,0.08025482349424154,0.1073246965538819
medium,0.163,1,0.0929987809352501,0.08693647062611842
medium,0.163,1,0.10763461102373356,0.05505963379099077
medium,0.163,1,0.12266660239866777,0.006692524933692435
medium,0.163,1,0.13955314859502538,0.007963372701466742
medium,0.163,1,0.15682804166284353,-0.050917227929582864
medium,0.163,1,0.17586578930911512,-0.035718237695959276
medium,0.163,1,0.19527268164308967,-0.09023165521721865
medium,0.163,1,0.21629941914609446,-0.07414833311538005
medium,0.163,1,0.23766535492804822,-0.1192337335269802
medium,0.163,1,0.26046066384982,-0.10515149199333829
medium,0.163,1,0.28355528589007484,-0.13737847203019893
medium,0.163,1,0.307837145171918,-0.12069662467683906
medium,0.163,1,0.3323676139114739,-0.13677291429695537
medium,0.163,1,0.3578032247824158,-0.11542300000685501
medium,0.163,1,0.383428373924694,-0.12108734266058918
medium,0.163,1,0.4096598369264685,-0.09889619031782337
medium,0.163,1,0.4360182630612487,-0.1006304448887283
medium,0.163,1,0.46267220567591644,-0.08040647034101145
medium,0.163,1,0.4893880299341481,-0.0794472443217007
medium,0.163,1,0.5160821673487545,-0.06135621645208068
medium,0.163,1,0.5427717635021501,-0.057880681941733014
medium,0.163,1,0.5691255898877031,-0.04168360647172897
medium,0.163,1,0.5954091055240853,-0.036264700218948676
medium,0.163,1,0.6210545862085552,-0.02180125976548908
medium,0.163,1,0.646566461310383,-0.01504100371447925
medium,0.163,1,0.6711584536566844,-0.002107849189507016
medium,0.163,1,0.6955578210203794,0.005031355166653206
medium,0.163,1,0.718782912821454,0.016789941906931727
medium,0.163,1,0.7417621093620013,0.022894888086579135
medium,0.163,1,0.7633449427803516,0.03484667320477841
medium,0.163,1,0.7846353754329419,0.03876916853710666
medium,0.163,1,0.8043488263231939,0.05327534032757064
medium,0.163,1,0.8237320546033192,0.05270084724461322
medium,0.163,1,0.8414049732253988,0.07228828628031958
medium,0.163,1,0.8587197501537102,0.0640649864774856
medium,0.163,1,0.8742425502210526,0.09071485371564458
medium,0.163,1,0.8893901073461817,0.0722455618701876
medium,0.163,1,0.9027184334219382,0.10580543462525493
medium,0.163,1,0.9156658094829921,0.07743042865727345
medium,0.163,1,0.9268213906885071,0.11435951683573899
medium,0.163,1,0.9376017670640492,0.08088781335259998
medium,0.163,1,0.9466720567438456,0.11618644908047926
medium,0.163,1,0.955384251418551,0.0839277543058703
medium,0.163,1,0.9625202164348697,0.11605646343317966
medium,0.163,1,0.9693261163328823,0.08724511863148032
medium,0.163,1,0.9747376719603781,0.11793124069098469
medium,0.163,1,0.9798572495730216,0.09085585657083406
medium,0.163,1,0.983806815679547,0.12159870856701037
medium,0.163,1,0.9875113794260856,0.09355905540494902
medium,0.163,1,0.990305848344657,0.12416248005549757
medium,0.163,1,0.992909741888971,0.08921471347325538
medium,0.163,1,0.9948911029583634,0.11067317534497678
medium,0.163,1,0.9967421046896408,0.00787841782146148
medium,0.163,1,0.9982769998761097,0.07581852797781696
medium,0.163,1,0.9997457018250928,-0.18078758390898508
fine,0.163,0,1.9348818786321982e-05,0.07207853894672922
fine,0.163,0,0.0001026355375808828,-0.03687792585839422
fine,0.163,0,0.00023186619815758168,-0.04583655940622977
fine,0.163,0,0.0005129179692701537,-0.15102065271212406
fine,0.163,0,0.0008580173569156354,-0.16177475890795057
fine,0.163,0,0.0014147611941231865,-0.2614013089278153
fine,0.163,0,0.002061790823217055,-0.2879601877386877
fine,0.163,0,0.003007168583927199,-0.36461015782476314
fine,0.163,0,0.004070090654336677,-0.4016417546660316
fine,0.163,0,0.005521436245747556,-0.4450521357115538
fine,0.163,0,0.007114470960592136,-0.4890588191169935
fine,0.163,0,0.009175715394414093,-0.49917863506204246
fine,0.163,0,0.01139997866964932,-0.548579965239476
fine,0.163,0,0.014162935417442298,-0.530324233314492
fine,0.163,0,0.01710714851521112,-0.5837549460974303
fine,0.163,0,0.020650320676515864,-0.5489878654136882
fine,0.163,0,0.024390915109652953,-0.6002322540721969
fine,0.163,0,0.028783888668120695,-0.566124090128951
fine,0.163,0,0.033387252952100335,-0.6002743095094631
fine,0.163,0,0.03868585043450949,-0.5908272333447531
fine,0.163,0,0.0442051736203113,-0.5907504920873796
fine,0.163,0,0.05045388179383943,-0.6204758943439184
fine,0.163,0,0.05693131458381363,-0.5795326075772316
fine,0.163,0,0.06416456465738878,-0.6428445350920935
fine,0.163,0,0.07163203560362928,-0.5715823715465462
fine,0.163,0,0.07987348613497641,-0.6494980878821279
fine,0.163,0,0.0883515150440272,-0.5663992444885955
fine,0.163,0,0.09761131388048314,-0.6417303975072275
fine,0.163,0,0.10710689014106611,-0.5613281309601046
fine,0.163,0,0.11738158958920594,-0.6253847672154409
fine,0.163,0,0.12788818671783184,-0.5543526848223859
fine,0.163,0,0.13916108647562747,-0.6058362892386295
fine,0.163,0,0.15065898400110234,-0.5453578587433587
fine,0.163,0,0.16290038349075564,-0.586572771277438
fine,0.163,0,0.17535692752343635,-0.5355191692058188
fine,0.163,0,0.18852441367777964,-0.5696934966630143
fine,0.163,0,0.20189442134259927,-0.5266877741764442
fine,0.163,0,0.2159336584952527,-0.556362967953612
fine,0.163,0,0.23016032147915294,-0.5192002958431046
fine,0.163,0,0.24500633049082593,-0.5431808478732403
fine,0.163,0,0.2600217680133825,-0.5088462573755224
fine,0.163,0,0.2755970796712649,-0.5253438406324218
fine,0.163,0,0.2913209035644581,-0.49051365930094315
fine,0.163,0,0.30753548405402525,-0.49658531052209454
fine,0.163,0,0.3238752736908781,-0.4601229558993554
fine,0.163,0,0.3406288151969174,-0.45796045606021857
fine,0.163,0,0.3574831711519497,-0.42216648688153535
fine,0.163,0,0.3746706670381773,-0.4161263081255226
fine,0.163,0,0.3919339522716186,-0.38339658767021323
fine,0.163,0,0.4094476823387945,-0.37580158276124265
fine,0.163,0,0.4270114612020035,-0.346808854828234
fine,0.163,0,0.444740625608985,-0.33816139305126613
fine,0.163,0,0.46249353071644445,-0.3124506039939994
fine,0.163,0,0.4803248866352981,-0.30261292986853383
fine,0.163,0,0.49815351594384377,-0.27962580941545734
fine,0.163,0,0.5159731352069094,-0.2687578228910834
fine,0.163,0,0.5337637375413442,-0.24819475193272214
fine,0.163,0,0.5514584538425353,-0.23647559941217922
fine,0.163,0,0.5690983575428765,-0.21816422160626003
fine,0.163,0,0.5865571337733138,-0.2057057737688055
fine,0.163,0,0.6039361182806549,-0.1895436157624386
fine,0.163,0,0.6210514321593524,-0.1764106672783401
fine,0.163,0,0.6380631146063155,-0.16236460718808732
fine,0.163,0,0.6547323484421649,-0.1486490157426521
fine,0.163,0,0.6712755418869587,-0.1367612992286833
fine,0.163,0,0.6874022366292012,-0.12267334907395379
fine,0.163,0,0.7033821249983401,-0.11300755976055397
fine,0.163,0,0.7188768937688177,-0.0988804033214874
fine,0.163,0,0.7342057935725433,-0.09113995998865398
fine,0.163,0,0.748986581704546,-0.07682039094445825
fine,0.163,0,0.7635846033319221,-0.07029486241482119
fine,0.163,0,0.7775786756109222,-0.0559553744065009
fine,0.163,0,0.7913755533880356,-0.04976588256057002
fine,0.163,0,0.8045208047024051,-0.03613402192266024
fine,0.163,0,0.8174570541810193,-0.029093450436519012
fine,0.163,0,0.8297026600279036,-0.017328466460556635
fine,0.163,0,0.8417302473233043,-0.007818926867794396
fine,0.163,0,0.8530373953764528,0.0003995535014252871
fine,0.163,0,0.8641204585708906,0.014303619113417263
fine,0.163,0,0.8744630364960185,0.016664219831022398
fine,0.163,0,0.8845784960370072,0.03692681964452915
fine,0.163,0,0.8939434460665018,0.03070530224249368
fine,0.163,0,0.9030812970181696,0.05889796331864471
fine,0.163,0,0.9114687022557815,0.04168785484437909
fine,0.163,0,0.9196320448439369,0.07844165145779547
fine,0.163,0,0.9270549755529527,0.04947117119624134
fine,0.163,0,0.9342599107497476,0.09363883950849228
fine,0.163,0,0.9407444828372086,0.05478248236937755
fine,0.163,0,0.947020085988192,0.10276790323549034
fine,0.163,0,0.9526051542226459,0.05874590501332888
fine,0.163,0,0.9579931161254008,0.10546082541923363
fine,0.163,0,0.9627297429225598,0.062276085696805976
fine,0.163,0,0.9672837987339908,0.10414688440424891
fine,0.163,0,0.971234551286502,0.06591916511729734
fine,0.163,0,0.975019742988486,0.10283525036161044
fine,0.163,0,0.9782578411844864,0.06995946177039025
fine,0.163,0,0.9813496304442965,0.10370967742607673
fine,0.163,0,0.9839579438787379,0.07447293742673977
fine,0.163,0,0.9864411817972925,0.10671820995320369
fine,0.163,0,0.9885111094297406,0.07923848434172753
fine,0.163,0,0.9904788851637496,0.11094849827969354
fine,0.163,0,0.9921091013836473,0.08337816114851415
fine,0.163,0,0.9936614709901349,0.11442668456092231
fine,0.163,0,0.9949565975556272,0.08198324109622646
fine,0.163,0,0.9961992326980433,0.1032635691322683
fine,0.163,0,0.997268410669919,0.007577438682496052
fine,0.163,0,0.9983111560228406,0.06420790733722737
fine,0.163,0,0.9992665551575582,-0.18564658146728896
fine,0.163,1,1.9348818784537917e-05,0.19873489845591263
fine,0.163,1,0.00010263553757151647,0.22280809114102196
fine,0.163,1,0.0002318661981446472,0.31972150114347364
fine,0.163,1,0.0005129179692668085,0.29280646821355816
fine,0.163,1,0.0008580173569199841,0.3966427788599628
fine,0.163,1,0.0014147611941288734,0.37297200200893843
fine,0.163,1,0.0020617908232223514,0.45718181610294906
fine,0.163,1,0.00300716858392653,0.4284979972601925
fine,0.163,1,0.0040700906543315474,0.48159615902411407
fine,0.163,1,0.005521436245743207,0.4530372063060203
fine,0.163,1,0.007114470960588958,0.46902586017324693
fine,0.163,1,0.009175715394413758,0.44934919109684723
fine,0.163,1,0.01139997866965038,0.4286943445859298
fine,0.163,1,0.0141629354174399,0.4256238522331531
fine,0.163,1,0.017107148515206658,0.37279995855575165
fine,0.163,1,0.020650320676514358,0.38847579109301256
fine,0.163,1,0.024390915109653456,0.3117844151672915
fine,0.163,1,0.02878388866812014,0.33861643878204795
fine,0.163,1,0.03338725295209905,0.2538314799352869
fine,0.163,1,0.038685850434507986,0.2730201097598579
fine,0.163,1,0.044205173620309686,0.20219315302583563
fine,0.163,1,0.05045388179383798,0.1956177864879003
fine,0.163,1,0.056931314583812294,0.1553296875615967
fine,0.163,1,0.06416456465738733,0.11922544245467204
fine,0.163,1,0.07163203560362784,0.10995700542585163
fine,0.163,1,0.07987348613497508,0.054895485966949716
fine,0.163,1,0.08835151504402598,0.06543322604758284
fine,0.163,1,0.09761131388048191,0.005402817789304071
fine,0.163,1,0.10710689014106489,0.023742699790428423
fine,0.163,1,0.1173815895892045,-0.03187012863421512
fine,0.163,1,0.12788818671783037,-0.012961257523379732
fine,0.163,1,0.13916108647562614,-0.06082034955649629
fine,0.163,1,0.1506589840011012,-0.04415221326101859
fine,0.163,1,0.16290038349075442,-0.08472487128406647
fine,0.163,1,0.17535692752343512,-0.07073015072910094
fine,0.163,1,0.18852441367777864,-0.10595758213151486
fine,0.163,1,0.2018944213425985,-0.09441082293982128
fine,0.163,1,0.21593365849525148,-0.1260973268086958
fine,0.163,1,0.2301603214791514,-0.11614638381995057
fine,0.163,1,0.2450063304908245,-0.14351476486646053
fine,0.163,1,0.26002176801338106,-0.13362412918915978
fine,0.163,1,0.27559707967126357,-0.15532049161514783
fine,0.163,1,0.29132090356445667,-0.14344722529391207
fine,0.163,1,0.30753548405402403,-0.15708665156050294
fine,0.163,1,0.323875273690877,-0.142359386467503
fine,0.163,1,0.34062881519691607,-0.14924077882141185
fine,0.163,1,0.357483171151948,-0.13316639691714327
fine,0.163,1,0.37467066703817564,-0.13637655943093763
fine,0.163,1,0.39193395227161704,-0.12082661851060039
fine,0.163,1,0.40944768233879386,-0.12212117267956546
fine,0.163,1,0.4270114612020035,-0.10790190493175111
fine,0.163,1,0.444740625608985,-0.10773462979857906
fine,0.163,1,0.46249353071644445,-0.09480576619747194
fine,0.163,1,0.480324886635298,-0.09313477254263214
fine,0.163,1,0.49815351594384355,-0.0813012540349729
fine,0.163,1,0.5159731352069096,-0.07829942720766891
fine,0.163,1,0.533763737538245,-0.0675093392797288
fine,0.163,1,0.5514584538260936,-0.06334893985926637
fine,0.163,1,0.5690983575181492,-0.05361855553141548
fine,0.163,1,0.5865571337570124,-0.04840778755129316
fine,0.163,1,0.6039361182728163,-0.03978351149874371
fine,0.163,1,0.6210514321601002,-0.03358764922954549
fine,0.163,1,0.638063114608354,-0.026148729904353907
fine,0.163,1,0.6547323484213885,-0.019058286152822346
fine,0.163,1,0.6712755418540024,-0.012925282473670308
fine,0.163,1,0.6874022366192073,-0.0051439253400709095
fine,0.163,1,0.7033821250027632,-0.00043690387442696377
fine,0.163,1,0.7188768937594187,0.007703931156839428
fine,0.163,1,0.7342057935524111,0.011196947755976572
fine,0.163,1,0.7489865816838902,0.01976859828323596
fine,0.163,1,0.7635846033169054,0.022666619192942883
fine,0.163,1,0.7775786756219085,0.03143427734892168
fine,0.163,1,0.7913755534179915,0.034565829724783725
fine,0.163,1,0.8045208047280904,0.042766136400504084
fine,0.163,1,0.8174570542037047,0.04729378489337832
fine,0.163,1,0.8297026600517882,0.05372592936587562
fine,0.163,1,0.8417302473474373,0.06125826456515671
fine,0.163,1,0.8530373953976914,0.06419376772706542
fine,0.163,1,0.8641204585837005,0.07666744857196561
fine,0.163,1,0.8744630364821118,0.07374709964877468
fine,0.163,1,0.8845784960067843,0.09315462538479569
fine,0.163,1,0.8939434460543295,0.08160484541258028
fine,0.163,1,0.9030812970204627,0.10955475703468998
fine,0.163,1,0.9114687022606892,0.08690921224049497
fine,0.163,1,0.9196320448503966,0.1240701529599838
fine,0.163,1,0.9270549755574505,0.08946622854257935
fine,0.163,1,0.9342599107528371,0.13473824145133295
fine,0.163,1,0.9407444828407199,0.08994491250319792
fine,0.163,1,0.9470200859968719,0.1398014032133178
fine,0.163,1,0.9526051542521824,0.08943109210558753
fine,0.163,1,0.9579931161670605,0.13885762942691338
fine,0.163,1,0.9627297429474829,0.08883106550222719
fine,0.163,1,0.9672837987444137,0.13427933841848694
fine,0.163,1,0.9712345512898146,0.088704124033949
fine,0.163,1,0.9750197429837457,0.13000646598475907
fine,0.163,1,0.9782578411685788,0.08935525355960638
fine,0.163,1,0.9813496304189848,0.12818976779123348
fine,0.163,1,0.9839579438498501,0.09087777008020514
fine,0.163,1,0.9864411817656178,0.12877588853603372
fine,0.163,1,0.9885111093978877,0.09306125237841112
fine,0.163,1,0.9904788851335766,0.1308628101199668
fine,0.163,1,0.992109101361294,0.09502026617303527
fine,0.163,1,0.993661470967024,0.13254956283003416
fine,0.163,1,0.9949565975034155,0.09178219667652265
fine,0.163,1,0.9961992326321514,0.12009626502294746
fine,0.163,1,0.9972684106413033,0.016006565656517036
fine,0.163,1,0.9983111560228408,0.07834050447271956
fine,0.163,1,0.9992665551575582,-0.18564658146728896
coarse,0.245,0,0.0001453785596366266,-0.06330724997525872
coarse,0.245,0,0.0006190160703579067,-0.31025883671262955
coarse,0.245,0,0.001576014151449313,-0.34186603672247395
coarse,0.245,0,0.0036244209947566687,-0.4954983654407923
coarse,0.245,0,0.006535486722216563,-0.5418211277993863
coarse,0.245,0,0.011394401576564014,-0.6237546058228984
coarse,0.245,0,0.01743143976317416,-0.611686228981807
coarse,0.245,0,0.02612863313542109,-0.6351310814189719
coarse,0.245,0,0.03622700697808306,-0.5987464837228087
coarse,0.245,0,0.049489190069161255,-0.5918321422134927
coarse,0.245,0,0.06428612104376699,-0.5628654716493025
coarse,0.245,0,0.08254845112321006,-0.548514783798862
coarse,0.245,0,0.10238604909648749,-0.5266526298170593
coarse,0.245,0,0.12578053873110132,-0.5326462957725775
coarse,0.245,0,0.15068664843788945,-0.49222421992851007
coarse,0.245,0,0.17900593558000177,-0.5249476505969854
coarse,0.245,0,0.20867414035922796,-0.4667670232147017
coarse,0.245,0,0.24138814700749472,-0.5039016907357439
coarse,0.245,0,0.27519578691904734,-0.4371134192925603
coarse,0.245,0,0.3114728068325455,-0.44781216724843925
coarse,0.245,0,0.34850454655507573,-0.37536912687509294
coarse,0.245,0,0.3872404133063475,-0.36220943094708025
coarse,0.245,0,0.42635310054906067,-0.2974613464412066
coarse,0.245,0,0.4663166333330783,-0.27843801818552616
coarse,0.245,0,0.5062623288057757,-0.22661959425274134
coarse,0.245,0,0.5461677483456345,-0.2055568840031172
coarse,0.245,0,0.5856662100811872,-0.16293656529813982
coarse,0.245,0,0.6242457774329215,-0.14215985893402716
coarse,0.245,0,0.6620594513581536,-0.10613038478316293
coarse,0.245,0,0.6981437686749893,-0.08895352987568761
coarse,0.245,0,0.7331539051391884,-0.05713925965188915
coarse,0.245,0,0.7657385843637233,-0.04686735226100236
coarse,0.245,0,0.79701022886285,-0.016109327726675726
coarse,0.245,0,0.8253170936669599,-0.014309725411262965
coarse,0.245,0,0.8521604145728147,0.01635585372900472
coarse,0.245,0,0.8756991121139202,0.011325638808570626
coarse,0.245,0,0.8977230853127675,0.03822153675961015
coarse,0.245,0,0.9163268717590691,0.031701115674968694
coarse,0.245,0,0.9334672805039923,0.05324724135274573
coarse,0.245,0,0.9473034411500423,0.04782619212014905
coarse,0.245,0,0.9598272694109713,0.06718834069876589
coarse,0.245,0,0.9693879038330561,0.05974783742827372
coarse,0.245,0,0.9778769389272266,0.07886747375303127
coarse,0.245,0,0.9839463457609151,0.061878300022289334
coarse,0.245,0,0.989258021050143,0.07230482083822365
coarse,0.245,0,0.9928587689329449,-0.01686520264519209
coarse,0.245,0,0.9960672779378424,0.06209906580316538
coarse,0.245,0,0.9983901273038109,-0.15739968091090073
coarse,0.245,1,0.00014537855963774166,0.17209838220000662
coarse,0.245,1,0.0006190160703628128,0.31998480012689456
coarse,0.245,1,0.0015760141514546654,0.4025695489551768
coarse,0.245,1,0.003624420994754773,0.42278680585240197
coarse,0.245,1,0.006535486722209873,0.4531493701716017
coarse,0.245,1,0.011394401576558773,0.4233798366636074
coarse,0.245,1,0.017431439763170145,0.36461244499571777
coarse,0.245,1,0.026128633135418747,0.32222726978120675
coarse,0.245,1,0.03622700697808172,0.2437327938071091
coarse,0.245,1,0.04948919006915958,0.2153821306520318
coarse,0.245,1,0.064286121043765,0.13954047247251478
coarse,0.245,1,0.08254845112320806,0.12680720145936697
coarse,0.245,1,0.10238604909648538,0.05857886294494152
coarse,0.245,1,0.12578053873109954,0.03833661084753559
coarse,0.245,1,0.150686648437888,-0.001594763085589479
coarse,0.245,1,0.17900593558000077,-0.042756836647880325
coarse,0.245,1,0.2086741403592273,-0.05111581101001605
coarse,0.245,1,0.24138814700749384,-0.09857190950766359
coarse,0.245,1,0.275195786919046,-0.08684082122473202
coarse,0.245,1,0.3114728068325439,-0.1153381057292322
coarse,0.245,1,0.3485045465550742,-0.08932846657201976
coarse,0.245,1,0.3872404133063465,-0.09719792631302693
coarse,0.245,1,0.4263531005490602,-0.06816330740626708
coarse,0.245,1,0.4663166333330781,-0.06803966867559708
coarse,0.245,1,0.5062623288024569,-0.04233344679434348
coarse,0.245,1,0.5461677483315034,-0.03787865251835676
coarse,0.245,1,0.5856662100628848,-0.014610923786924968
coarse,0.245,1,0.6242457774254441,-0.00847576454493515
coarse,0.245,1,0.6620594513517126,0.013329824484142659
coarse,0.245,1,0.6981437686474833,0.017564647143221923
coarse,0.245,1,0.7331539051082943,0.039229623064819585
coarse,0.245,1,0.7657385843693566,0.03782384998063271
coarse,0.245,1,0.7970102288911404,0.061656277267256865
coarse,0.245,1,0.8253170936865915,0.052422051364267475
coarse,0.245,1,0.852160414585527,0.07889341232645664
coarse,0.245,1,0.8756991121236416,0.06296068956346246
coarse,0.245,1,0.8977230853199613,0.08825388779479093
coarse,0.245,1,0.9163268717647819,0.07063306814883019
coarse,0.245,1,0.9334672805149499,0.09297160777864433
coarse,0.245,1,0.9473034411814306,0.07623620130905073
coarse,0.245,1,0.9598272694407768,0.09840468392737167
coarse,0.245,1,0.9693879038115732,0.0797224607186966
coarse,0.245,1,0.9778769388863768,0.10324401463756538
coarse,0.245,1,0.9839463457727751,0.07543912504209016
coarse,0.245,1,0.9892580210815687,0.09133404374071974
coarse,0.245,1,0.9928587689090975,-0.007616990509642373
coarse,0.245,1,0.9960672778852268,0.07626551460589592
coarse,0.245,1,0.9983901272822726,-0.15739968091090073
medium,0.245,0,8.707813560318377e-05,-0.017030125186902945
medium,0.245,0,0.00028246611678810636,-0.19122572828259998
medium,0.245,0,0.0007141945794103889,-0.2148671673101181
medium,0.245,0,0.0014398889253401505,-0.3473118430238955
medium,0.245,0,0.002555661910454034,-0.39772018964075495
medium,0.245,0,0.004156623937368097,-0.49877170037648355
medium,0.245,0,0.006317364236031267,-0.540820929428895
medium,0.245,0,0.009174369995060407,-0.5924530833937443
medium,0.245,0,0.012733494603235722,-0.6168236857451841
medium,0.245,0,0.017165931250130845,-0.6250132927178955
medium,0.245,0,0.022415824814038664,-0.638376218500146
medium,0.245,0,0.028682490634709113,-0.6159548583455712
medium,0.245,0,0.035856158631469966,-0.6281864073565779
medium,0.245,0,0.04415797739713268,-0.590122665138767
medium,0.245,0,0.053429978550210054,-0.6053452207135153
medium,0.245,0,0.06390871551405972,-0.5749975626518398
medium,0.245,0,0.07539698834948289,-0.5797240702587725
medium,0.245,0,0.0881409457904918,-0.5788725228830858
medium,0.245,0,0.1019046063266146,-0.5523233149604538
medium,0.245,0,0.11693659770154859,-0.5833091299466571
medium,0.245,0,0.13296817818412593,-0.5277623467869568
medium,0.245,0,0.15024307125194386,-0.5748865740903824
medium,0.245,0,0.1684681277846675,-0.5095734944789452
medium,0.245,0,0.1878750201186417,-0.5565156328330425
medium,0.245,0,0.20815499507510193,-0.49663598893071087
medium,0.245,0,0.22952093085705605,-0.535230957453048
medium,0.245,0,0.2516572864749809,-0.4832453121964413
medium,0.245,0,0.27475190851523557,-0.5064983295746466
medium,0.245,0,0.2984864412236311,-0.4551474367661838
medium,0.245,0,0.32301690996318727,-0.4582496861980052
medium,0.245,0,0.3480352425312755,-0.40554175197445486
medium,0.245,0,0.3736603916735536,-0.39680522179325206
medium,0.245,0,0.3996123387744381,-0.34852125002344914
medium,0.245,0,0.4259707649092173,-0.3367596521755871
medium,0.245,0,0.4524884718865,-0.2956693977749216
medium,0.245,0,0.4792042961447323,-0.2823758549268216
medium,0.245,0,0.5059084313795876,-0.24745293858704498
medium,0.245,0,0.5325980275305712,-0.2325535789533051
medium,0.245,0,0.559106646667188,-0.20261572975205877
medium,0.245,0,0.5853901623108987,-0.18664178420606903
medium,0.245,0,0.611329782594391,-0.1607697981441376
medium,0.245,0,0.6368416576912899,-0.14447100684719683
medium,0.245,0,0.6618577238904509,-0.12175559917499788
medium,0.245,0,0.6862570912503411,-0.10640438313269729
medium,0.245,0,0.7100235341829707,-0.08585229747548584
medium,0.245,0,0.7330027307361602,-0.07324764739456668
medium,0.245,0,0.7552292995526704,-0.05286287127962375
medium,0.245,0,0.776519732180961,-0.04446786116852963
medium,0.245,0,0.7969601852177453,-0.021524572564358913
medium,0.245,0,0.8163434135256518,-0.01973677332108803
medium,0.245,0,0.834804799606991,0.008026391871589378
medium,0.245,0,0.8521195765134871,0.0007717727251382867
medium,0.245,0,0.8684684933073821,0.03429779869247851
medium,0.245,0,0.8836160504381952,0.01731508002867288
medium,0.245,0,0.8977830576684999,0.05475125978871609
medium,0.245,0,0.9107304337299205,0.030720086362072793
medium,0.245,0,0.9227120477639663,0.0674678925909522
medium,0.245,0,0.9334924241356559,0.04214593187733662
medium,0.245,0,0.9433510784724701,0.07459268223849203
medium,0.245,0,0.9520632731317117,0.05259118514148243
medium,0.245,0,0.9599258935722139,0.08107072903895485
medium,0.245,0,0.9667317934960787,0.06254130483092357
medium,0.245,0,0.9727861538359918,0.08901017358551389
medium,0.245,0,0.9779057314577972,0.07186756153840412
medium,0.245,0,0.982394682914493,0.0975892221279937
medium,0.245,0,0.9860992466245957,0.07930087887697113
medium,0.245,0,0.9893132770759454,0.10406430327497684
medium,0.245,0,0.99191717065263,0.07873918396453794
medium,0.245,0,0.9941855245593965,0.09362354071250156
medium,0.245,0,0.9960365262848844,0.0005140715492132353
medium,0.245,0,0.9977171493013788,0.06245583182348469
medium,0.245,0,0.9991858512479764,-0.1799556001485112
medium,0.245,1,8.707813560184573e-05,0.15119886721766462
medium,0.245,1,0.0002824661167837577,0.22825086260128002
medium,0.245,1,0.0007141945794072669,0.3298232806263359
medium,0.245,1,0.0014398889253432726,0.3345472952278734
medium,0.245,1,0.0025556619104576024,0.43816454097415897
medium,0.245,1,0.004156623937364753,0.4253313137440384
medium,0.245,1,0.0063173642360262496,0.4670829075083729
medium,0.245,1,0.00917436999505974,0.4366513023861643
medium,0.245,1,0.012733494603236948,0.4225820187935866
medium,0.245,1,0.017165931250130623,0.3914671161493457
medium,0.245,1,0.02241582481403766,0.342965887956337
medium,0.245,1,0.028682490634707774,0.32542228686705443
medium,0.245,1,0.035856158631468404,0.2580357652821259
medium,0.245,1,0.04415797739713112,0.25918367746035487
medium,0.245,1,0.05342997855020838,0.18121449367845677
medium,0.245,1,0.06390871551405815,0.1903417776839511
medium,0.245,1,0.07539698834948122,0.11611938818950651
medium,0.245,1,0.08814094579048978,0.11141255913249692
medium,0.245,1,0.10190460632661259,0.06330324740303361
medium,0.245,1,0.11693659770154681,0.03409569981725513
medium,0.245,1,0.13296817818412437,0.01854444081330553
medium,0.245,1,0.15024307125194264,-0.02730337598937438
medium,0.245,1,0.1684681277846666,-0.02270074742695205
medium,0.245,1,0.18787502011864105,-0.07191853013290062
medium,0.245,1,0.20815499507510105,-0.061050094104156294
medium,0.245,1,0.22952093085705472,-0.10521418605506327
medium,0.245,1,0.2516572864749795,-0.0935719425346968
medium,0.245,1,0.27475190851523423,-0.12625182914823863
medium,0.245,1,0.29848644122362955,-0.11100817360673833
medium,0.245,1,0.3230169099631855,-0.12775872157753732
medium,0.245,1,0.3480352425312737,-0.10763855897780016
medium,0.245,1,0.3736603916735518,-0.11375823068123148
medium,0.245,1,0.3996123387744369,-0.09282095209777563
medium,0.245,1,0.4259707649092171,-0.09477690920394033
medium,0.245,1,0.45248847188650043,-0.07578257701173174
medium,0.245,1,0.4792042961447323,-0.0749231214677164
medium,0.245,1,0.5059084313806625,-0.05797533836720059
medium,0.245,1,0.5325980275340577,-0.05446671791995539
medium,0.245,1,0.5591066466687455,-0.039263132225210606
medium,0.245,1,0.585390162305128,-0.033747338979346564
medium,0.245,1,0.6113297825867543,-0.01995227196728222
medium,0.245,1,0.6368416576885821,-0.013271477141124866
medium,0.245,1,0.6618577238921715,-0.00038991513215536067
medium,0.245,1,0.6862570912558665,0.006124363041286385
medium,0.245,1,0.7100235341849706,0.018784195579690577
medium,0.245,1,0.7330027307255178,0.023268710810898097
medium,0.245,1,0.7552292995458489,0.03736894216416198
medium,0.245,1,0.7765197321984393,0.0381634485829484
medium,0.245,1,0.7969601852363125,0.05613635291734653
medium,0.245,1,0.8163434135164378,0.05071366401157884
medium,0.245,1,0.8348047995920994,0.07466075116071402
medium,0.245,1,0.8521195765204106,0.06046929435774606
medium,0.245,1,0.8684684933238652,0.0912718875532007
medium,0.245,1,0.8836160504489944,0.06747907814070664
medium,0.245,1,0.8977830576759848,0.10332628630276185
medium,0.245,1,0.9107304337370389,0.07242593318930668
medium,0.245,1,0.9227120477725985,0.10882387270711234
medium,0.245,1,0.9334924241481406,0.07635365901999824
medium,0.245,1,0.9433510784939821,0.10974737644577935
medium,0.245,1,0.9520632731686872,0.08019107881470555
medium,0.245,1,0.9599258936062405,0.1108458189565803
medium,0.245,1,0.9667317935042531,0.08440594249349254
medium,0.245,1,0.9727861538257523,0.11413091967256084
medium,0.245,1,0.9779057314383955,0.08886597478163727
medium,0.245,1,0.9823946829062506,0.11874852420532368
medium,0.245,1,0.9860992466527895,0.09228467902403448
medium,0.245,1,0.9893132771099102,0.12190740569772784
medium,0.245,1,0.991917170654224,0.08852114353858387
medium,0.245,1,0.9941855245456264,0.10874904644152616
medium,0.245,1,0.9960365262769039,0.008057804203795316
medium,0.245,1,0.9977171492976709,0.07436016021544234
medium,0.245,1,0.9991858512466539,-0.1799556001485112
fine,0.245,0,1.2628481578391833e-05,0.027348104308457022
fine,0.245,0,9.591520037289691e-05,-0.09704996055900539
fine,0.245,0,0.0002091883606572685,-0.1041383701239804
fine,0.245,0,0.0004902401317697847,-0.21070832915900373
fine,0.245,0,0.0008130941521284341,-0.22885642734136313
fine,0.245,0,0.0013698379893359851,-0.3266823354435724
fine,0.245,0,0.0019855090650593528,-0.35921866802380586
fine,0.245,0,0.0029308868257694413,-0.4328947334660127
fine,0.245,0,0.00395298276582005,-0.47326271357429217
fine,0.245,0,0.005404328357230929,-0.5134269573189676
fine,0.245,0,0.006948150833401219,-0.557500630544475
fine,0.245,0,0.009009395267223233,-0.5645523111687203
fine,0.245,0,0.01117703794987076,-0.6110870935445556
fine,0.245,0,0.013939994697663735,-0.5892967606468629
fine,0.245,0,0.016821252851961302,-0.6389480219091528
fine,0.245,0,0.020364425013266046,-0.5964914451384351
fine,0.245,0,0.024036449666835068,-0.6482722317651277
fine,0.245,0,0.02842942322530281,-0.5951252439233106
fine,0.245,0,0.03295971345569363,-0.6425485977938299
fine,0.245,0,0.03825831093810279,-0.5969798226566332
fine,0.245,0,0.04370097046946388,-0.6280809614734957
fine,0.245,0,0.04994967864299195,-0.6094575812212146
fine,0.245,0,0.05634766955244302,-0.6103576779643345
fine,0.245,0,0.06358091962601828,-0.626757847646106
fine,0.245,0,0.07096703970206637,-0.5930689899781052
fine,0.245,0,0.07920849023341349,-0.6369887656306492
fine,0.245,0,0.08760434945077161,-0.5781010465917082
fine,0.245,0,0.09686414828722754,-0.6351336037239455
fine,0.245,0,0.10627783304767996,-0.5660813376725617
fine,0.245,0,0.11655253249581979,-0.6232555646131341
fine,0.245,0,0.1269785856580245,-0.5555324296461506
fine,0.245,0,0.13825148541582002,-0.605541605230957
fine,0.245,0,0.14967123549019995,-0.5448000497614665
fine,0.245,0,0.16191263497985336,-0.5858173434483409
fine,0.245,0,0.17429445383713346,-0.5336125250052752
fine,0.245,0,0.18746193999147653,-0.5672551370095085
fine,0.245,0,0.20076160678136715,-0.5232701672038582
fine,0.245,0,0.21480084393402057,-0.552047893634743
fine,0.245,0,0.2289624091565857,-0.5140602282050089
fine,0.245,0,0.2438084181682587,-0.5373547463937725
fine,0.245,0,0.2587650088568891,-0.5020324132462857
fine,0.245,0,0.27434032051477164,-0.5182683138395012
fine,0.245,0,0.2900125623288816,-0.4821045202220879
fine,0.245,0,0.3062271428184488,-0.4884710954529725
fine,0.245,0,0.32252344413177264,-0.4503479859905075
fine,0.245,0,0.33927698563781195,-0.4488808137140157
fine,0.245,0,0.35609632616889747,-0.4113443303051086
fine,0.245,0,0.3732838220551253,-0.40622293673161525
fine,0.245,0,0.39052078371937754,-0.3718687632129205
fine,0.245,0,0.40803451378655337,-0.36528580045483494
fine,0.245,0,0.4255809094291166,-0.33491188286869167
fine,0.245,0,0.4433100738360983,-0.32723509918590077
fine,0.245,0,0.46105473319406126,-0.3004693806034664
fine,0.245,0,0.4788860891129148,-0.29146820850993915
fine,0.245,0,0.4967156654426149,-0.26779624041459216
fine,0.245,0,0.5145352847056806,-0.25756765342500665
fine,0.245,0,0.5323359653579337,-0.2366935116921434
fine,0.245,0,0.5500306816591249,-0.22539819344003867
fine,0.245,0,0.5676896231707674,-0.20710623452078658
fine,0.245,0,0.5851483994012049,-0.1948700298230408
fine,0.245,0,0.6025550976047429,-0.17896991950255736
fine,0.245,0,0.6196704114834406,-0.165914248522691
fine,0.245,0,0.6367180877641507,-0.1522310079361835
fine,0.245,0,0.6533873216000001,-0.1385674775771497
fine,0.245,0,0.6699742920804402,-0.12693248460864703
fine,0.245,0,0.6861009868226825,-0.11307680130012487
fine,0.245,0,0.7021318647815443,-0.10327191992059138
fine,0.245,0,0.717626633552022,-0.08984150590646589
fine,0.245,0,0.7330131438694035,-0.08120746978658588
fine,0.245,0,0.7477939320014063,-0.06845629549817134
fine,0.245,0,0.7624554330873986,-0.059850490428558174
fine,0.245,0,0.7764495053663987,-0.048428869479602454
fine,0.245,0,0.790314873812781,-0.038536179748773325
fine,0.245,0,0.8034601251271505,-0.029691042299984982
fine,0.245,0,0.8164689662625929,-0.01696174657589844
fine,0.245,0,0.828714572109477,-0.012337125509124247
fine,0.245,0,0.840817882796561,0.005009405082276208
fine,0.245,0,0.8521250308497098,0.003430075726136628
fine,0.245,0,0.8632859244187236,0.027127531590297127
fine,0.245,0,0.8736285023438513,0.01715822290446689
fine,0.245,0,0.8838228458800033,0.04847346962320809
fine,0.245,0,0.8931877959094976,0.0282963031446265
fine,0.245,0,0.9024045241507546,0.06751085093615117
fine,0.245,0,0.9107919293883663,0.03663379105890818
fine,0.245,0,0.9190330946372585,0.0825450299803312
fine,0.245,0,0.926456025346274,0.04277296995588076
fine,0.245,0,0.93373667593263,0.09228399483133287
fine,0.245,0,0.9402212480200912,0.047689667126083246
fine,0.245,0,0.9465694314011462,0.09638404710893245
fine,0.245,0,0.9521544996356003,0.05215803438758604
fine,0.245,0,0.9576109215838741,0.09655858578438625
fine,0.245,0,0.9623475483810328,0.056651620501769646
fine,0.245,0,0.9669650157423906,0.09608913170457878
fine,0.245,0,0.9709157682949018,0.06144686872875049
fine,0.245,0,0.9747584634939351,0.09725901252040836
fine,0.245,0,0.9779965616899354,0.06667107042026688
fine,0.245,0,0.9811391677669681,0.10044001075158715
fine,0.245,0,0.9837474812014095,0.07229146445119305
fine,0.245,0,0.9862741610299074,0.10509494472632484
fine,0.245,0,0.9883440886623556,0.0780264587882662
fine,0.245,0,0.9903473443505433,0.1104420478275444
fine,0.245,0,0.9919775605704408,0.08298791184719556
fine,0.245,0,0.9935569682870267,0.11470674835926152
fine,0.245,0,0.9948520948525189,0.0823260484660463
fine,0.245,0,0.9961129616021197,0.10408913084635384
fine,0.245,0,0.9971821395739954,0.009232095268447038
fine,0.245,0,0.9982340656482119,0.06532434768871542
fine,0.245,0,0.9991894647829295,-0.18432178786523523
fine,0.245,1,1.262848157716529e-05,0.1560737944759364
fine,0.245,1,9.591520036419959e-05,0.1814722785131212
fine,0.245,1,0.00020918836064344202,0.2830181548945617
fine,0.245,1,0.0004902401317657706,0.2587015097758446
fine,0.245,1,0.0008130941521325597,0.3723975449783654
fine,0.245,1,0.0013698379893414489,0.3502911406843121
fine,0.245,1,0.001985509065065039,0.44463577244175545
fine,0.245,1,0.002930886825769218,0.41529438108456035
fine,0.245,1,0.00395298276581492,0.47906354059823775
fine,0.245,1,0.00540432835722658,0.4463165845201301
fine,0.245,1,0.006948150833397874,0.47405750984163547
fine,0.245,1,0.009009395267222674,0.4457444247475016
fine,0.245,1,0.011177037949872098,0.4388387612493774
fine,0.245,1,0.013939994697661617,0.4228420175503829
fine,0.245,1,0.016821252851956733,0.3859561649248844
fine,0.245,1,0.020364425013264374,0.3873668180046679
fine,0.245,1,0.024036449666835737,0.3260636055481587
fine,0.245,1,0.028429423225302366,0.34471281202410153
fine,0.245,1,0.03295971345569218,0.26730767476669715
fine,0.245,1,0.038258310938101225,0.29350947602353616
fine,0.245,1,0.04370097046946221,0.21389686906882213
fine,0.245,1,0.0499496786429905,0.23075718533808165
fine,0.245,1,0.05634766955244168,0.16664278550243194
fine,0.245,1,0.06358091962601671,0.1609761564943788
fine,0.245,1,0.0709670397020648,0.12406417902030897
fine,0.245,1,0.07920849023341216,0.0948415633837274
fine,0.245,1,0.0876043494507705,0.08411314069017817
fine,0.245,1,0.09686414828722643,0.03951506705586205
fine,0.245,1,0.10627783304767885,0.045663176115216086
fine,0.245,1,0.11655253249581846,-0.003899595213042728
fine,0.245,1,0.12697858565802295,0.009584140568632549
fine,0.245,1,0.1382514854158187,-0.03750528312214074
fine,0.245,1,0.14967123549019873,-0.022733658397622092
fine,0.245,1,0.16191263497985203,-0.0642394074868331
fine,0.245,1,0.17429445383713213,-0.05092299853015403
fine,0.245,1,0.18746193999147565,-0.08702442083870898
fine,0.245,1,0.20076160678136637,-0.07602109333851548
fine,0.245,1,0.21480084393401924,-0.10821375833609627
fine,0.245,1,0.22896240915658414,-0.09883601327714109
fine,0.245,1,0.24380841816825738,-0.12675103664215848
fine,0.245,1,0.25876500885688786,-0.11731739468182066
fine,0.245,1,0.2743403205147703,-0.13979966113345976
fine,0.245,1,0.2900125623288803,-0.12817731797480492
fine,0.245,1,0.3062271428184476,-0.14296357837373153
fine,0.245,1,0.32252344413177153,-0.12827523174087885
fine,0.245,1,0.3392769856378106,-0.13650845321654992
fine,0.245,1,0.356096326168896,-0.12035984153985835
fine,0.245,1,0.3732838220551236,-0.12495075903405262
fine,0.245,1,0.3905207837193759,-0.10930427295252486
fine,0.245,1,0.4080345137865527,-0.11188517145219112
fine,0.245,1,0.4255809094291166,-0.09764193712416325
fine,0.245,1,0.4433100738360983,-0.09855114266654241
fine,0.245,1,0.46105473319406126,-0.08575942841829653
fine,0.245,1,0.4788860891129148,-0.0848853285035629
fine,0.245,1,0.4967156654426147,-0.0734017751064655
fine,0.245,1,0.5145352847056808,-0.07088198667568801
fine,0.245,1,0.5323359653559112,-0.06066255370883744
fine,0.245,1,0.5500306816437598,-0.056678125868257156
fine,0.245,1,0.5676896231453605,-0.047702580117091165
fine,0.245,1,0.5851483993842237,-0.04240284457670618
fine,0.245,1,0.6025550975962115,-0.03463992583897335
fine,0.245,1,0.6196704114834954,-0.028172340194350335
fine,0.245,1,0.6367180877680306,-0.0215729388684629
fine,0.245,1,0.6533873215810649,-0.014169259566301218
fine,0.245,1,0.6699742920456312,-0.008659824927737647
fine,0.245,1,0.6861009868108361,-0.0007440487185661482
fine,0.245,1,0.702131864787083,0.00381767600255678
fine,0.245,1,0.7176266335437381,0.011621091763898361
fine,0.245,1,0.7330131438493139,0.015784531573687643
fine,0.245,1,0.747793931980793,0.023143353484367912
fine,0.245,1,0.7624554330702836,0.027929634618562352
fine,0.245,1,0.7764495053752867,0.034140560189314995
fine,0.245,1,0.7903148738430815,0.04078469423005271
fine,0.245,1,0.8034601251531807,0.04458091343663584
fine,0.245,1,0.8164689662851814,0.0545768706193469
fine,0.245,1,0.8287145721332647,0.05429565714384321
fine,0.245,1,0.8408178828209278,0.06938128742822891
fine,0.245,1,0.8521250308711817,0.06301833088010689
fine,0.245,1,0.8632859244336892,0.08490454209307874
fine,0.245,1,0.8736285023321005,0.07025591038255408
fine,0.245,1,0.8838228458483237,0.1002087927993991
fine,0.245,1,0.8931877958958689,0.07543196167644828
fine,0.245,1,0.9024045241528366,0.11375325489414612
fine,0.245,1,0.9107919293930631,0.07830698667397695
fine,0.245,1,0.9190330946438762,0.12383450263344653
fine,0.245,1,0.9264560253509304,0.07942886647790526
fine,0.245,1,0.9337366759356859,0.1291357050136409
fine,0.245,1,0.9402212480235684,0.07972522348208444
fine,0.245,1,0.9465694314081433,0.1292866279617304
fine,0.245,1,0.952154499663454,0.07994664166509224
fine,0.245,1,0.9576109216268841,0.12595043594211974
fine,0.245,1,0.9623475484073064,0.08056228364849438
fine,0.245,1,0.966965015753387,0.12233394820132959
fine,0.245,1,0.9709157682987879,0.08185249963239283
fine,0.245,1,0.9747584634900957,0.12066439860443033
fine,0.245,1,0.9779965616749288,0.08394925997798275
fine,0.245,1,0.981139167741945,0.12129279031997187
fine,0.245,1,0.9837474811728106,0.08682034982836728
fine,0.245,1,0.9862741609982472,0.12367213669632938
fine,0.245,1,0.9883440886305171,0.0901793867306353
fine,0.245,1,0.9903473443197391,0.12701282400841218
fine,0.245,1,0.9919775605474566,0.09311897482060283
fine,0.245,1,0.9935569682662639,0.1295788188144259
fine,0.245,1,0.9948520948026555,0.09072659508111791
fine,0.245,1,0.9961129615332202,0.11767264595481042
fine,0.245,1,0.997182139542372,0.016324638410112446
fine,0.245,1,0.9982340656482122,0.07657515281434801
fine,0.245,1,0.9991894647829297,-0.18432178786523523
coarse,0.51,0,0.0004332644943548175,-0.11803562739193141
coarse,0.51,0,0.0009069020050759861,-0.3970166721993338
coarse,0.51,0,0.0028210749952802426,-0.43196680215738786
coarse,0.51,0,0.00486948183858771,-0.5835279938148632
coarse,0.51,0,0.009488828070602905,-0.6357609802052095
coarse,0.51,0,0.014347742924950467,-0.7125508837391363
coarse,0.51,0,0.022717760180620432,-0.6929033353452576
coarse,0.51,0,0.031414953552867365,-0.7119583983362665
coarse,0.51,0,0.044288015426853886,-0.6628601712774385
coarse,0.51,0,0.05755019851793208,-0.6534978891686891
coarse,0.51,0,0.07538631443226473,-0.6101992421597648
coarse,0.51,0,0.09364864451170758,-0.5895502672203339
coarse,0.51,0,0.11660566718682785,-0.5600808719825574
coarse,0.51,0,0.1400001568214418,-0.5400882614970992
coarse,0.51,0,0.1678996526128436,-0.515339426235232
coarse,0.51,0,0.1962189397549557,-0.5089600087379411
coarse,0.51,0,0.22855833907476406,-0.479461530109033
coarse,0.51,0,0.2612723457230308,-0.48188010030821093
coarse,0.51,0,0.2972456532201436,-0.4393605780282515
coarse,0.51,0,0.3335226731336419,-0.4283228153837426
coarse,0.51,0,0.3720489469760383,-0.37210758119418386
coarse,0.51,0,0.4107848137273101,-0.34629092769798975
coarse,0.51,0,0.45064369985705927,-0.2925527755124837
coarse,0.51,0,0.4906072326410765,-0.2645301671568665
coarse,0.51,0,0.5305176057728794,-0.22066011442768185
coarse,0.51,0,0.5704230253127381,-0.1932556724906047
coarse,0.51,0,0.6091156087387477,-0.1556978890544758
coarse,0.51,0,0.6476951760904824,-0.13137260992415678
coarse,0.51,0,0.6839921893366256,-0.09739728809660075
coarse,0.51,0,0.7200765066534611,-0.07996014216055758
coarse,0.51,0,0.7529594961739077,-0.04759632961916527
coarse,0.51,0,0.785544175398443,-0.039864100768130406
coarse,0.51,0,0.8142156825032577,-0.0076296038963894475
coarse,0.51,0,0.8425225473073671,-0.008772021742747382
coarse,0.51,0,0.8664676849859004,0.022040325774914438
coarse,0.51,0,0.8900063825270065,0.01614012253239472
coarse,0.51,0,0.9090308224095093,0.04269302420517895
coarse,0.51,0,0.9276346088558106,0.03610283465872388
coarse,0.51,0,0.9418771634848263,0.059306068130533074
coarse,0.51,0,0.9557133241308762,0.05191406911001018
coarse,0.51,0,0.9656384058070508,0.07459194134902047
coarse,0.51,0,0.9751990402291354,0.0636048137759897
coarse,0.51,0,0.9815660404446309,0.08676634299129815
coarse,0.51,0,0.9876354472783194,0.0656617775952284
coarse,0.51,0,0.9914466244577286,0.08011529087387126
coarse,0.51,0,0.9950473723405311,-0.012158516834398503
coarse,0.51,0,0.9974791501941445,0.06934020095759919
coarse,0.51,0,0.9998019995601127,-0.15348919674575145
coarse,0.51,1,0.0004332644943583856,0.14436366718957283
coarse,0.51,1,0.0009069020050833453,0.29956729628554735
coarse,0.51,1,0.0028210749952813576,0.3969907880711403
coarse,0.51,1,0.004869481838581466,0.4322570159444701
coarse,0.51,1,0.00948882807059733,0.47827126550898064
coarse,0.51,1,0.01434774292494623,0.45276476538825666
coarse,0.51,1,0.02271776018061731,0.3979113602323724
coarse,0.51,1,0.031414953552865804,0.34907103746991885
coarse,0.51,1,0.0442880154268521,0.27317232323256047
coarse,0.51,1,0.05755019851793008,0.2306669704675629
coarse,0.51,1,0.0753863144322625,0.16292375378593837
coarse,0.51,1,0.09364864451170579,0.1344997528774332
coarse,0.51,1,0.11660566718682606,0.07611418687804217
coarse,0.51,1,0.14000015682143999,0.0565407212931256
coarse,0.51,1,0.16789965261284226,0.010147893309700562
coarse,0.51,1,0.19621893975495502,-0.01328527967587978
coarse,0.51,1,0.22855833907476317,-0.04203844582537841
coarse,0.51,1,0.26127234572302965,-0.06963821097522471
coarse,0.51,1,0.29724565322014207,-0.07790106422347054
coarse,0.51,1,0.33352267313364015,-0.09403837967022888
coarse,0.51,1,0.37204894697603696,-0.08313726310577607
coarse,0.51,1,0.41078481372730924,-0.08428769342410392
coarse,0.51,1,0.4506436998570588,-0.0663834558919274
coarse,0.51,1,0.4906072326410765,-0.061254480990901694
coarse,0.51,1,0.530517605762989,-0.043887003574926364
coarse,0.51,1,0.5704230252920355,-0.03558407228014038
coarse,0.51,1,0.6091156087270249,-0.018053756076498395
coarse,0.51,1,0.6476951760895839,-0.00949553097451239
coarse,0.51,1,0.6839921893173805,0.00908981057765934
coarse,0.51,1,0.7200765066131511,0.01388926097470644
coarse,0.51,1,0.7529594961652153,0.03417439198899519
coarse,0.51,1,0.7855441754262772,0.032145192484682505
coarse,0.51,1,0.8142156825262846,0.05448115478918069
coarse,0.51,1,0.8425225473217359,0.046036507091457235
coarse,0.51,1,0.8664676849967948,0.06844986528402197
coarse,0.51,1,0.8900063825349094,0.05723776841302841
coarse,0.51,1,0.9090308224158026,0.07665307207419458
coarse,0.51,1,0.9276346088606232,0.06626585467995605
coarse,0.51,1,0.9418771635082019,0.08337829684793141
coarse,0.51,1,0.9557133241746821,0.07338663177410787
coarse,0.51,1,0.965638405805682,0.09079283672769911
coarse,0.51,1,0.9751990401764783,0.07823636135257817
coarse,0.51,1,0.981566040435819,0.09681012104930609
coarse,0.51,1,0.9876354473222176,0.07505517059205125
coarse,0.51,1,0.9914466244555583,0.08548819361085291
coarse,0.51,1,0.9950473722830874,-0.006334955061067626
coarse,0.51,1,0.9974791501604181,0.07153554024305697
coarse,0.51,1,0.9998019995574638,-0.15348919674575145
medium,0.51,0,0.00017057358357898454,-0.06728862458526974
medium,0.51,0,0.0003659615647640186,-0.2643727122520507
medium,0.51,0,0.0010243066658317868,-0.2924488080980798
medium,0.51,0,0.0017500010117617712,-0.42324240726521917
medium,0.51,0,0.0032398034877345826,-0.4861571668883522
medium,0.51,0,0.004840765514648645,-0.5834184322199583
medium,0.51,0,0.0075382529225977955,-0.6280600544521822
medium,0.51,0,0.010395258681626936,-0.6776188020428302
medium,0.51,0,0.014627614605974629,-0.6959212820889638
medium,0.51,0,0.019060051252869532,-0.7041114483558553
medium,0.51,0,0.025093768804445235,-0.7057381455025575
medium,0.51,0,0.03136043462511568,-0.6853896859004862
medium,0.51,0,0.03940378767523063,-0.6827742663012348
medium,0.51,0,0.04770560644089335,-0.6458306055401086
medium,0.51,0,0.057907873412073325,-0.6484806278978001
medium,0.51,0,0.06838661037592332,-0.6076294233358392
medium,0.51,0,0.08084288337879497,-0.6139823572140009
medium,0.51,0,0.09358684081980376,-0.5823954570433285
medium,0.51,0,0.1083282504331138,-0.5792580026173533
medium,0.51,0,0.1233602418080479,-0.5676178042927948
medium,0.51,0,0.14035028493749582,-0.546066298367873
medium,0.51,0,0.15762517800531353,-0.5531640466615384
medium,0.51,0,0.17676130507949225,-0.5181995083128066
medium,0.51,0,0.19616819741346647,-0.5353137248546516
medium,0.51,0,0.2172853334342933,-0.49799095817831773
medium,0.51,0,0.2386512692162476,-0.5162391226848975
medium,0.51,0,0.261526347004652,-0.4806342194721653
medium,0.51,0,0.28462096904490675,-0.4897183669659537
medium,0.51,0,0.30896908434244486,-0.45060703288261994
medium,0.51,0,0.3334995530820008,-0.44336961615926485
medium,0.51,0,0.3589856771184351,-0.4003674016287886
medium,0.51,0,0.3846108262607132,-0.38307336432967753
medium,0.51,0,0.41087612575209786,-0.34322743928504806
medium,0.51,0,0.4372345518868769,-0.3238543521310464
medium,0.51,0,0.463904986356621,-0.29030045511902136
medium,0.51,0,0.4906208106148529,-0.27042128800961085
medium,0.51,0,0.517313737752102,-0.24202541903218444
medium,0.51,0,0.544003333903086,-0.2215649952611571
medium,0.51,0,0.5703384220289239,-0.19699926529123823
medium,0.51,0,0.5966219376726343,-0.1765346636313574
medium,0.51,0,0.6222318116086715,-0.1545907020670958
medium,0.51,0,0.6477436867055707,-0.13520396162507464
medium,0.51,0,0.6722843432540723,-0.11449017284054097
medium,0.51,0,0.6966837106139625,-0.09806290209743307
medium,0.51,0,0.7198432697608618,-0.07705380672126472
medium,0.51,0,0.7428224663140515,-0.0661352533578099
medium,0.51,0,0.7643273730325152,-0.04248520376052478
medium,0.51,0,0.7856178056608062,-0.039164765828588965
medium,0.51,0,0.8052432501277372,-0.010378181470204195
medium,0.51,0,0.8246264784356435,-0.016739512958470204
medium,0.51,0,0.8422039499827843,0.01828033120575956
medium,0.51,0,0.8595187268892801,0.0015564769849718552
medium,0.51,0,0.8749415223069503,0.041692709871431366
medium,0.51,0,0.8900890794377635,0.016661485907885742
medium,0.51,0,0.90331587989126,0.05807346696592108
medium,0.51,0,0.9162632559526803,0.029422248849721222
medium,0.51,0,0.9273188426601715,0.06789201128088684
medium,0.51,0,0.9380992190318611,0.04061208461650534
medium,0.51,0,0.9470740740810775,0.07513950364199062
medium,0.51,0,0.9557862687403192,0.05099400008262911
medium,0.51,0,0.9628342693053362,0.0831024164996399
medium,0.51,0,0.9696401692292013,0.060956102599666655
medium,0.51,0,0.9749739108535298,0.09219164651540013
medium,0.51,0,0.9800934884753354,0.07031492876625889
medium,0.51,0,0.98397775985021,0.10141045551167094
medium,0.51,0,0.9876823235603125,0.07779610589086794
medium,0.51,0,0.9904260029424404,0.10822706448323305
medium,0.51,0,0.9930298965191252,0.07739033298781517
medium,0.51,0,0.99497651598751,0.09803321735046677
medium,0.51,0,0.9968275177129982,0.00019445227432302037
medium,0.51,0,0.9983447719741271,0.06652303343252974
medium,0.51,0,0.9998134739207248,-0.18107210978004984
medium,0.51,1,0.00017057358357630843,0.1111756566947878
medium,0.51,1,0.0003659615647584434,0.19078062743357538
medium,0.51,1,0.0010243066658313408,0.298158665039849
medium,0.51,1,0.0017500010117673464,0.31750007975993444
medium,0.51,1,0.0032398034877352514,0.43229677217236373
medium,0.51,1,0.004840765514642624,0.4312698922677516
medium,0.51,1,0.007538252922594673,0.48004901331093325
medium,0.51,1,0.010395258681628274,0.4545858576305903
medium,0.51,1,0.014627614605975075,0.4454681423635639
medium,0.51,1,0.019060051252868863,0.41097137249628635
medium,0.51,1,0.025093768804444343,0.3689764922329628
medium,0.51,1,0.03136043462511435,0.3399079524428149
medium,0.51,1,0.03940378767522929,0.2836590159858895
medium,0.51,1,0.047705606440891786,0.2677028296218593
medium,0.51,1,0.057907873412071764,0.204678322207547
medium,0.51,1,0.06838661037592153,0.20130156102288344
medium,0.51,1,0.0808428833787932,0.13610148528724597
medium,0.51,1,0.09358684081980198,0.13605977940760539
medium,0.51,1,0.10832825043311202,0.0794572248486054
medium,0.51,1,0.12336024180804633,0.07035964583175536
medium,0.51,1,0.1403502849374945,0.03323120693725223
medium,0.51,1,0.15762517800531242,0.011288666817083293
medium,0.51,1,0.17676130507949134,-0.006675451431908952
medium,0.51,1,0.19616819741346556,-0.036787965141886314
medium,0.51,1,0.21728533343429218,-0.0439488652605593
medium,0.51,1,0.23865126921624583,-0.07532779491081398
medium,0.51,1,0.26152634700465044,-0.07737951207385652
medium,0.51,1,0.2846209690449052,-0.10179452323717686
medium,0.51,1,0.3089690843424431,-0.09740598441094672
medium,0.51,1,0.333499553081999,-0.10858781148318863
medium,0.51,1,0.3589856771184333,-0.09764389075931534
medium,0.51,1,0.3846108262607114,-0.09910832282596793
medium,0.51,1,0.4108761257520972,-0.08634891900993069
medium,0.51,1,0.4372345518868773,-0.08389384466370342
medium,0.51,1,0.4639049863566212,-0.07218793689628145
medium,0.51,1,0.4906208106148529,-0.06732569600551486
medium,0.51,1,0.5173137377542072,-0.056671848420428265
medium,0.51,1,0.5440033339076028,-0.04965524465487481
medium,0.51,1,0.5703384220273496,-0.03964667517266984
medium,0.51,1,0.5966219376637321,-0.031226738646372487
medium,0.51,1,0.6222318116031411,-0.021304553280880212
medium,0.51,1,0.6477436867049686,-0.012657190253599904
medium,0.51,1,0.6722843432574184,-0.0019475394098888987
medium,0.51,1,0.6966837106211135,0.005044243024319495
medium,0.51,1,0.7198432697574588,0.017636177653115537
medium,0.51,1,0.7428224662980061,0.020464345976458076
medium,0.51,1,0.764327373036078,0.03679113439698578
medium,0.51,1,0.7856178056886683,0.03333235166598125
medium,0.51,1,0.8052432501344329,0.05544407859835188
medium,0.51,1,0.8246264784145582,0.04362854495467405
medium,0.51,1,0.8422039499772148,0.072371951480521
medium,0.51,1,0.8595187269055263,0.05148309875135204
medium,0.51,1,0.8749415223210047,0.0856659485157295
medium,0.51,1,0.8900890794461339,0.05760452736884358
medium,0.51,1,0.9033158798985885,0.09348026503186102
medium,0.51,1,0.9162632559596426,0.0626627155856112
medium,0.51,1,0.92731884267045,0.09616392896839043
medium,0.51,1,0.9380992190459918,0.0672672690539734
medium,0.51,1,0.947074074109198,0.09744879719998234
medium,0.51,1,0.9557862687839035,0.07203106505387602
medium,0.51,1,0.962834269328315,0.10036472018497733
medium,0.51,1,0.969640169226328,0.07722904433282762
medium,0.51,1,0.9749739108393747,0.1051730187814961
medium,0.51,1,0.9800934884520177,0.08258851503010611
medium,0.51,1,0.9839777598575381,0.11078869431246441
medium,0.51,1,0.9876823236040765,0.08674702274662338
medium,0.51,1,0.9904260029625723,0.11458589944266151
medium,0.51,1,0.9930298965068861,0.08358783706210993
medium,0.51,1,0.9949765159762142,0.10181008771155618
medium,0.51,1,0.9968275177074917,0.0042707718696194386
medium,0.51,1,0.9983447719714384,0.06834512323518227
medium,0.51,1,0.9998134739204215,-0.18107210978004984
fine,0.51,0,6.74680934312745e-05,-0.030354065742587144
fine,0.51,0,0.00015075481222589108,-0.17494280228933157
fine,0.51,0,0.00039424511714207,-0.18521144161225256
fine,0.51,0,0.0006752968882545862,-0.2896458733678826
fine,0.51,0,0.001179678601316113,-0.322995666557194
fine,0.51,0,0.0017364224385235528,-0.41553085857807176
fine,0.51,0,0.002607987056773487,-0.45857678005617114
fine,0.51,0,0.0035533648174835755,-0.5277901504392501
fine,0.51,0,0.0049086120672181335,-0.5723682241346593
fine,0.51,0,0.006359957658629125,-0.6101742207870275
fine,0.51,0,0.008305364160096989,-0.6518148012633935
fine,0.51,0,0.01036660859391889,-0.6589625559483181
fine,0.51,0,0.012996289300005383,-0.6971920132181655
fine,0.51,0,0.015759246047798246,-0.6778914522767239
fine,0.51,0,0.019154232093623963,-0.7148487326990043
fine,0.51,0,0.02269740425492893,-0.6756708458458556
fine,0.51,0,0.026928975249702867,-0.7133625318492149
fine,0.51,0,0.03132194880817061,-0.6596537163024505
fine,0.51,0,0.036448541368541906,-0.6979434975716663
fine,0.51,0,0.04174713885095095,-0.6394735081669942
fine,0.51,0,0.04781539274204171,-0.6758921469513719
fine,0.51,0,0.05406410091556978,-0.6255763576001776
fine,0.51,0,0.06111035719593397,-0.6518989570240428
fine,0.51,0,0.06834360726950933,-0.6212318605193847
fine,0.51,0,0.07639357054378058,-0.6274011186909314
fine,0.51,0,0.08463502107512771,-0.6202547125240019
fine,0.51,0,0.09370140527643869,-0.6030501192477824
fine,0.51,0,0.10296120411289496,-0.6155820861130141
fine,0.51,0,0.11304314374542722,-0.5808968344639518
fine,0.51,0,0.12331784319356692,-0.6048786853617747
fine,0.51,0,0.13440115501988067,-0.5620427411662179
fine,0.51,0,0.14567405477767642,-0.5892469242104008
fine,0.51,0,0.15773150735905167,-0.545905803176234
fine,0.51,0,0.16997290684870497,-0.5710002586195908
fine,0.51,0,0.18296450159785302,-0.5315941769700707
fine,0.51,0,0.1961319877521963,-0.5528690486160959
fine,0.51,0,0.21000565345898062,-0.5193749347314431
fine,0.51,0,0.22404489061163405,-0.5372613240088493
fine,0.51,0,0.2387376696488724,-0.5087048624648158
fine,0.51,0,0.25358367866054543,-0.5219815554486247
fine,0.51,0,0.2690204740519217,-0.4954345771839404
fine,0.51,0,0.2845957857098041,-0.5024309505173179
fine,0.51,0,0.3006889500324082,-0.47436512248162926
fine,0.51,0,0.3169035305219753,-0.47257924848438754
fine,0.51,0,0.3335547072989379,-0.4417980760476672
fine,0.51,0,0.3503082488049774,-0.4331629808942459
fine,0.51,0,0.3674133238459081,-0.4023693587205397
fine,0.51,0,0.38460081973213567,-0.3908502085736616
fine,0.51,0,0.40205258822411866,-0.3627741051623059
fine,0.51,0,0.4195663182912946,-0.3504431493591633
fine,0.51,0,0.43725456530879137,-0.3259552443407676
fine,0.51,0,0.45498372971577306,-0.31303473371434176
fine,0.51,0,0.47279567642671183,-0.2918357362323418
fine,0.51,0,0.49062703234556515,-0.2779556967656469
fine,0.51,0,0.5084488807486861,-0.25958601939647186
fine,0.51,0,0.5262685000117517,-0.2447442525388559
fine,0.51,0,0.5439869391007929,-0.22891198404578048
fine,0.51,0,0.561681655401984,-0.2132612974629173
fine,0.51,0,0.579185243670181,-0.19968219573565782
fine,0.51,0,0.5966440199006183,-0.18341105676829872
fine,0.51,0,0.6138245674966153,-0.17175951266792433
fine,0.51,0,0.6309398813753127,-0.1551216121019119
fine,0.51,0,0.6476938390804905,-0.14500983398140566
fine,0.51,0,0.6643630729163399,-0.1284404685286764
fine,0.51,0,0.6805928119709413,-0.11939291125437457
fine,0.51,0,0.6967195067131835,-0.10363950535697562
fine,0.51,0,0.7123342970231032,-0.09505674694427424
fine,0.51,0,0.7278290657935806,-0.08114537355997298
fine,0.51,0,0.7427454600870499,-0.07191710003348639
fine,0.51,0,0.7575262482190526,-0.06062181426243418
fine,0.51,0,0.7716697412403544,-0.04912402556960149
fine,0.51,0,0.7856638135193544,-0.041654598055476555
fine,0.51,0,0.7989702811841156,-0.02617750288725329
fine,0.51,0,0.8121155324984849,-0.024311285269026595
fine,0.51,0,0.8245320077806897,-0.003127890397699007
fine,0.51,0,0.8367776136275742,-0.00884222331057627
fine,0.51,0,0.8482630027313175,0.0196161757733333
fine,0.51,0,0.8595701507844657,0.004497720879749867
fine,0.51,0,0.8700959292692126,0.04120830444541079
fine,0.51,0,0.8804385071943404,0.01547512807243967
fine,0.51,0,0.8899891378419427,0.060334061903377194
fine,0.51,0,0.8993540878714368,0.02408283954643675
fine,0.51,0,0.9079271579432817,0.07546756799347143
fine,0.51,0,0.916314563180893,0.030691713051199554
fine,0.51,0,0.9239206762923532,0.08542865697336444
fine,0.51,0,0.931343607001369,0.036058984054707865
fine,0.51,0,0.9380064013036779,0.09012461896566382
fine,0.51,0,0.9444909733911389,0.04089225962332255
fine,0.51,0,0.9502468841641115,0.09111583843920323
fine,0.51,0,0.9558319523985651,0.045643307159449864
fine,0.51,0,0.9607297234625854,0.09120907305753956
fine,0.51,0,0.9654663502597444,0.050595561077706575
fine,0.51,0,0.9695663637080961,0.09253799651508121
fine,0.51,0,0.9735171162606074,0.05592162486934261
fine,0.51,0,0.9768905687176768,0.09567787075093348
fine,0.51,0,0.9801286669136773,0.06167506534708045
fine,0.51,0,0.9828565952080504,0.10032176407841764
fine,0.51,0,0.9854649086424916,0.06777469690601834
fine,0.51,0,0.9876370917536764,0.10594640726436853
fine,0.51,0,0.9897070193861246,0.07392521862819523
fine,0.51,0,0.9914207498830147,0.1119405368428974
fine,0.51,0,0.993050966102912,0.07926571396600401
fine,0.51,0,0.9944097361614239,0.11671414607932751
fine,0.51,0,0.9957048627269162,0.07902637240713828
fine,0.51,0,0.9968169550578349,0.10667895684844851
fine,0.51,0,0.9978861330297105,0.007138256486184824
fine,0.51,0,0.9988631421500941,0.06789411026746761
fine,0.51,0,0.9998185412848117,-0.1879217820973189
fine,0.51,1,6.746809342503027e-05,0.10014043629582481
fine,0.51,1,0.00015075481221206457,0.12618066826186203
fine,0.51,1,0.00039424511713448776,0.22866113105646468
fine,0.51,1,0.0006752968882568163,0.21732799491098287
fine,0.51,1,0.0011796786013212423,0.3376143624258088
fine,0.51,1,0.001736422438529797,0.32749740393831617
fine,0.51,1,0.002607987056775271,0.4278414406421826
fine,0.51,1,0.0035533648174795613,0.4079103087550975
fine,0.51,1,0.004908612067213451,0.47786924729679575
fine,0.51,1,0.0063599576586251105,0.44968666143219066
fine,0.51,1,0.008305364160095204,0.48478234023476363
fine,0.51,1,0.010366608593920228,0.4544085687724237
fine,0.51,1,0.012996289300004491,0.45759315255264443
fine,0.51,1,0.01575924604779401,0.43204892041404663
fine,0.51,1,0.01915423209362151,0.40952844859134646
fine,0.51,1,0.02269740425492915,0.3945218038872711
fine,0.51,1,0.026928975249702867,0.3520507521467632
fine,0.51,1,0.0313219488081695,0.35101295452542003
fine,0.51,1,0.036448541368540574,0.29349506643485246
fine,0.51,1,0.04174713885094939,0.3052403532567203
fine,0.51,1,0.04781539274204015,0.23830155164255828
fine,0.51,1,0.05406410091556844,0.25558270681897133
fine,0.51,1,0.061110357195932406,0.1882850340732718
fine,0.51,1,0.06834360726950756,0.20017552908729375
fine,0.51,1,0.07639357054377925,0.14398025810662396
fine,0.51,1,0.0846350210751266,0.1424476739578172
fine,0.51,1,0.0937014052764378,0.10491449255033769
fine,0.51,1,0.10296120411289363,0.0885490360499196
fine,0.51,1,0.11304314374542587,0.06936042698674472
fine,0.51,1,0.12331784319356537,0.04228439830159858
fine,0.51,1,0.13440115501987934,0.03594122559382995
fine,0.51,1,0.1456740547776753,0.004229321108798256
fine,0.51,1,0.1577315073590503,0.004559899800027245
fine,0.51,1,0.16997290684870364,-0.026900967887927507
fine,0.51,1,0.18296450159785213,-0.024351791382045684
fine,0.51,1,0.19613198775219565,-0.05327660526844768
fine,0.51,1,0.2100056534589795,-0.05107733975143946
fine,0.51,1,0.2240448906116325,-0.07717050681118143
fine,0.51,1,0.23873766964887086,-0.07573905802647007
fine,0.51,1,0.2535836786605441,-0.0980302357052587
fine,0.51,1,0.26902047405192037,-0.09617293932141013
fine,0.51,1,0.28459578570980276,-0.11339245180442337
fine,0.51,1,0.30068895003240687,-0.10907917932674716
fine,0.51,1,0.31690353052197395,-0.11921977595738077
fine,0.51,1,0.33355470729893655,-0.1114933449405382
fine,0.51,1,0.35030824880497563,-0.11560787988716026
fine,0.51,1,0.3674133238459063,-0.10603457333363342
fine,0.51,1,0.3846008197321339,-0.10686382983750932
fine,0.51,1,0.4020525882241173,-0.0973689543664904
fine,0.51,1,0.41956631829129415,-0.09647328628644969
fine,0.51,1,0.43725456530879137,-0.08796556195745797
fine,0.51,1,0.45498372971577306,-0.0855918515305869
fine,0.51,1,0.47279567642671183,-0.07818427093828384
fine,0.51,1,0.49062703234556515,-0.07413197058039822
fine,0.51,1,0.5084488807486861,-0.06773690944392108
fine,0.51,1,0.5262685000117524,-0.06209122980966985
fine,0.51,1,0.5439869390899852,-0.05666698629643796
fine,0.51,1,0.561681655377834,-0.04963649159769323
fine,0.51,1,0.579185243650322,-0.04509969912914169
fine,0.51,1,0.5966440198891851,-0.03692024266301974
fine,0.51,1,0.6138245674937376,-0.03311948691751132
fine,0.51,1,0.6309398813810212,-0.024082015185179717
fine,0.51,1,0.647693839069348,-0.02078079251058096
fine,0.51,1,0.6643630728823825,-0.011337538992152174
fine,0.51,1,0.6805928119512518,-0.008191189683912414
fine,0.51,1,0.6967195067164567,0.0009205206289593093
fine,0.51,1,0.7123342970195407,0.004389376492768382
fine,0.51,1,0.7278290657761959,0.012168310162085194
fine,0.51,1,0.7427454600666152,0.016890671399403923
fine,0.51,1,0.7575262481980942,0.02254339794761362
fine,0.51,1,0.771669741240361,0.02993018750377596
fine,0.51,1,0.7856638135453639,0.03227020891175514
fine,0.51,1,0.7989702812116041,0.04385574899029354
fine,0.51,1,0.8121155325217032,0.04117512804352719
fine,0.51,1,0.824532007804068,0.058538396379250617
fine,0.51,1,0.8367776136521514,0.048937806814552176
fine,0.51,1,0.848263002753778,0.07352549000530817
fine,0.51,1,0.8595701508040325,0.05524842897298898
fine,0.51,1,0.8700959292665865,0.08796581537396242
fine,0.51,1,0.8804385071649978,0.05984035575486535
fine,0.51,1,0.8899891378221481,0.10057677240040908
fine,0.51,1,0.8993540878696933,0.06268335059088126
fine,0.51,1,0.9079271579470853,0.10987539446153194
fine,0.51,1,0.9163145631873121,0.0641167270777463
fine,0.51,1,0.9239206762976795,0.11470162747997824
fine,0.51,1,0.9313436070047333,0.06484235639859659
fine,0.51,1,0.9380064013070109,0.11494284556581946
fine,0.51,1,0.9444909733948934,0.06551261965175348
fine,0.51,1,0.9502468841848414,0.11209923524730624
fine,0.51,1,0.9558319524401522,0.06653801533120196
fine,0.51,1,0.9607297234945755,0.10887378733790397
fine,0.51,1,0.9654663502749977,0.06816913024706706
fine,0.51,1,0.9695663637144109,0.10729333557521405
fine,0.51,1,0.9735171162598117,0.070549058871613
fine,0.51,1,0.9768905687064844,0.10786014954884972
fine,0.51,1,0.9801286668913176,0.0737026931191973
fine,0.51,1,0.9828565951806721,0.1102240441312614
fine,0.51,1,0.9854649086115377,0.07751759286822724
fine,0.51,1,0.9876370917218992,0.11382865651159813
fine,0.51,1,0.9897070193541689,0.0816602405456256
fine,0.51,1,0.9914207498573594,0.11802184486986134
fine,0.51,1,0.9930509660850771,0.0852166922496631
fine,0.51,1,0.9944097361215001,0.12114555478513077
fine,0.51,1,0.9957048626578916,0.083351319812628
fine,0.51,1,0.9968169550134794,0.10953061327279157
fine,0.51,1,0.9978861330226313,0.010097919451114268
fine,0.51,1,0.9988631421500941,0.06945458845785424
fine,0.51,1,0.9998185412848117,-0.1879217820973189
