method,level,panels,CL,CD_inviscid,Cp_min
Original,coarse,6144,0.26060908479193273,0.004596434667342692,-1.0128576320186307
Original,medium,13824,0.26283213808479433,0.004770987870034969,-1.724839016358453
Original,fine,31104,0.2654763691118606,0.005038759449939122,-2.840924994624389
Free affine intercept,coarse,6144,0.2579638416292524,0.009177571080682193,-59.538570520149904
Free affine intercept,medium,13824,0.2607148473586166,0.010338897617560204,-82.01189760542928
Free affine intercept,fine,31104,0.26368568130001313,0.011966634264556474,-137.9125770667429
Nodal recovery,coarse,6144,0.25758976710305165,0.0037069262876860114,-4.058907188292154
Nodal recovery,medium,13824,0.2578138681272364,0.003252646276115498,-3.4776545945989072
Nodal recovery,fine,31104,0.2583055009357971,0.003019373538468137,-3.6884093453193296
Quad differentiation,coarse,6144,0.256922935448457,0.0033866845643680255,-1.846216576602076
Quad differentiation,medium,13824,0.25757093823923694,0.0030155458379948104,-2.481652574854054
Quad differentiation,fine,31104,0.25823880763802,0.0027739371136428805,-4.930077047538128
Unfolded triangles,coarse,6144,0.2603968486012133,0.004825699699176164,-1.0128571941727478
Unfolded triangles,medium,13824,0.262738435986902,0.004887357294358106,-1.7246386162827068
Unfolded triangles,fine,31104,0.2654341685179198,0.0050996287751209814,-2.8406775901022523
