case,2y/b,side_0_upper,x/c,Cp
FLOWPanel reference,0.041,0,0.0008366188216073112,0.0866386460192935
FLOWPanel reference,0.041,0,0.0021008709131937965,0.027622224612254942
FLOWPanel reference,0.041,0,0.005322399450215391,0.03897927449417016
FLOWPanel reference,0.041,0,0.009544379453301843,-0.28760657591767114
FLOWPanel reference,0.041,0,0.01699740609173799,-0.312361501491901
FLOWPanel reference,0.041,0,0.026101965067774475,-0.43491316139068764
FLOWPanel reference,0.041,0,0.038000494847922874,-0.396803154751459
FLOWPanel reference,0.041,0,0.051327147974487355,-0.4371601453082852
FLOWPanel reference,0.041,0,0.06726878053333105,-0.41256047732912277
FLOWPanel reference,0.041,0,0.08454704594894598,-0.4294585232652799
FLOWPanel reference,0.041,0,0.1044172261012645,-0.41444866632113153
FLOWPanel reference,0.041,0,0.1256122497136359,-0.39354083665978634
FLOWPanel reference,0.041,0,0.14932519090108434,-0.39308834456099384
FLOWPanel reference,0.041,0,0.17432515229218945,-0.4009102260300623
FLOWPanel reference,0.041,0,0.20183824906547077,-0.3877108881556188
FLOWPanel reference,0.041,0,0.23063592164989097,-0.4290864807680339
FLOWPanel reference,0.041,0,0.26139298072286016,-0.3839149654379572
FLOWPanel reference,0.041,0,0.29315156979923207,-0.41877701495091846
FLOWPanel reference,0.041,0,0.3249149861758551,-0.4189665104748532
FLOWPanel reference,0.041,0,0.3566808700013788,-0.3842272995179765
FLOWPanel reference,0.041,0,0.3884274135501004,-0.36675112404981447
FLOWPanel reference,0.041,0,0.42016407141899054,-0.3356416761294909
FLOWPanel reference,0.041,0,0.4518752175142632,-0.3080006009963341
FLOWPanel reference,0.041,0,0.4835733234018653,-0.28524723471106217
FLOWPanel reference,0.041,0,0.5152467758638178,-0.24958230980596685
FLOWPanel reference,0.041,0,0.5469076268581077,-0.23593488220440648
FLOWPanel reference,0.041,0,0.5785480219491265,-0.19347810221023187
FLOWPanel reference,0.041,0,0.610177961113766,-0.18875083581113805
FLOWPanel reference,0.041,0,0.6417931935300658,-0.1409832296684106
FLOWPanel reference,0.041,0,0.6734009086700133,-0.14388086440796322
FLOWPanel reference,0.041,0,0.704999791839168,-0.07983430786368784
FLOWPanel reference,0.041,0,0.736594160593331,-0.10063986800299407
FLOWPanel reference,0.041,0,0.7662844595485655,-0.07694957867184948
FLOWPanel reference,0.041,0,0.7950015033326819,-0.06782387052806715
FLOWPanel reference,0.041,0,0.8212748924751753,-0.0568049452131707
FLOWPanel reference,0.041,0,0.8462992205182672,-0.03997265949742124
FLOWPanel reference,0.041,0,0.8688808922617269,-0.030002995576892788
FLOWPanel reference,0.041,0,0.8902140132029949,-0.014194918124216471
FLOWPanel reference,0.041,0,0.9091043377269642,-0.005724440260979735
FLOWPanel reference,0.041,0,0.9267460398283399,0.011216370357295169
FLOWPanel reference,0.041,0,0.9419445317030715,0.0185312008753169
FLOWPanel reference,0.041,0,0.955894189638759,0.03787538537689128
FLOWPanel reference,0.041,0,0.9674003429191482,0.045364475390203496
FLOWPanel reference,0.041,0,0.9776575117648495,0.06589361997540999
FLOWPanel reference,0.041,0,0.9854710838992862,0.07882282224084403
FLOWPanel reference,0.041,0,0.9920356245451164,0.10205048966856423
FLOWPanel reference,0.041,0,0.9961565998100745,0.1124446035257905
FLOWPanel reference,0.041,0,0.9990285596007904,0.1124446035257905
FLOWPanel reference,0.041,1,0.0004276332699791185,0.39245966135538657
FLOWPanel reference,0.041,1,0.0016918853615655622,0.49023442934572004
FLOWPanel reference,0.041,1,0.00395658891921689,0.4383749413916729
FLOWPanel reference,0.041,1,0.00817856892230334,0.4810101230787802
FLOWPanel reference,0.041,1,0.014052081262990177,0.3554332076240335
FLOWPanel reference,0.041,1,0.023156640239026638,0.285709120967362
FLOWPanel reference,0.041,1,0.033689322561479246,0.22209363175775876
FLOWPanel reference,0.041,1,0.04701597568804373,0.1384127820817994
FLOWPanel reference,0.041,1,0.061679261671379534,0.13831348377522457
FLOWPanel reference,0.041,1,0.07895752708699452,0.04509881347486544
FLOWPanel reference,0.041,1,0.09756063596266235,0.07989347482855291
FLOWPanel reference,0.041,1,0.1187556595750338,-0.00904492024621839
FLOWPanel reference,0.041,1,0.14123770339106184,0.04166038395209892
FLOWPanel reference,0.041,1,0.1662376647821669,-0.040144434701454124
FLOWPanel reference,0.041,1,0.1925222019844108,-0.013289522629786223
FLOWPanel reference,0.041,1,0.22131987456883095,-0.06353007955735768
FLOWPanel reference,0.041,1,0.25111907715665377,-0.0597601688481717
FLOWPanel reference,0.041,1,0.2828776662330257,-0.06621063877081035
FLOWPanel reference,0.041,1,0.3146387227582982,-0.08094532446942804
FLOWPanel reference,0.041,1,0.3464046065838219,-0.09631198374392813
FLOWPanel reference,0.041,1,0.37816060472951435,-0.07511453446208116
FLOWPanel reference,0.041,1,0.4098972625984045,-0.07598559132627258
FLOWPanel reference,0.041,1,0.441620880259624,-0.05776372622471682
FLOWPanel reference,0.041,1,0.473318986147226,-0.04669802833883807
FLOWPanel reference,0.041,1,0.5050044905671652,-0.03565247878469768
FLOWPanel reference,0.041,1,0.536665341561455,-0.013409435521837043
FLOWPanel reference,0.041,1,0.5683157366293654,-0.011528983565124662
FLOWPanel reference,0.041,1,0.599945675794005,0.0214192593983471
FLOWPanel reference,0.041,1,0.6315680976822926,0.012915379295272535
FLOWPanel reference,0.041,1,0.6631758128222403,0.05638060288799096
FLOWPanel reference,0.041,1,0.6947790135471962,0.03739854062398906
FLOWPanel reference,0.041,1,0.7263733823013592,0.10402556364211035
FLOWPanel reference,0.041,1,0.7569944958844039,0.05060486331573999
FLOWPanel reference,0.041,1,0.7857115396685203,0.11037781836659089
FLOWPanel reference,0.041,1,0.8131795223532351,0.05907505457695406
FLOWPanel reference,0.041,1,0.8382038503963269,0.12000307538987064
FLOWPanel reference,0.041,1,0.8619796276372268,0.06646300925844217
FLOWPanel reference,0.041,1,0.8833127485784946,0.13253346869363491
FLOWPanel reference,0.041,1,0.903397247097169,0.07416316333862216
FLOWPanel reference,0.041,1,0.9210389491985447,0.1454202571425679
FLOWPanel reference,0.041,1,0.9374318173608763,0.08474332187135458
FLOWPanel reference,0.041,1,0.9513814752965639,0.16134509540229813
FLOWPanel reference,0.041,1,0.9640821487975637,0.10199582709938872
FLOWPanel reference,0.041,1,0.974339317643265,0.18156560526637022
FLOWPanel reference,0.041,1,0.9833474550003599,0.13071016534764668
FLOWPanel reference,0.041,1,0.9899119956461903,0.2097313641877403
FLOWPanel reference,0.041,1,0.9952275208177781,0.1124446035257905
FLOWPanel reference,0.041,1,0.9980994806084937,0.1124446035257905
WingCAD coarse,0.041,0,0.0022646155315815307,0.04024728309045411
WingCAD coarse,0.041,0,0.0336052844316089,-0.24843270379142934
WingCAD coarse,0.041,0,0.06505661846792035,-0.5221558708858716
WingCAD coarse,0.041,0,0.07156806678798167,-0.2147456584086791
WingCAD coarse,0.041,0,0.10788645099212994,-0.4285784555368952
WingCAD coarse,0.041,0,0.15690313564819827,-0.583683532039075
WingCAD coarse,0.041,0,0.22014166749834926,-0.21312069223885555
WingCAD coarse,0.041,0,0.2723740291809788,-0.36457021243489574
WingCAD coarse,0.041,0,0.2804558922774686,-0.4069294060254871
WingCAD coarse,0.041,0,0.34834366574491754,-0.326736526864869
WingCAD coarse,0.041,0,0.41507266259590536,-0.26063741578495336
WingCAD coarse,0.041,0,0.4848597353461619,-0.2312393351665656
WingCAD coarse,0.041,0,0.5683122485392307,-0.2474113151556232
WingCAD coarse,0.041,0,0.6210309039572778,-0.20269927966341528
WingCAD coarse,0.041,0,0.6769755712343872,-0.1393992581705763
WingCAD coarse,0.041,0,0.7015272920898306,-0.4011119328309125
WingCAD coarse,0.041,0,0.7441266652914914,-0.09750728796946517
WingCAD coarse,0.041,0,0.7977556631105778,-0.19558396339875772
WingCAD coarse,0.041,0,0.8338899351340412,-0.21982431588271067
WingCAD coarse,0.041,0,0.8779024697240088,-0.2157966227923673
WingCAD coarse,0.041,0,0.9178058913748217,-0.5158594494552389
WingCAD coarse,0.041,0,0.9661179729157868,0.41565587186940756
WingCAD coarse,0.041,1,0.0022572756450767767,0.42305720849887274
WingCAD coarse,0.041,1,0.0338855372048522,0.2738067566267638
WingCAD coarse,0.041,1,0.06528787492468535,0.050539707862347516
WingCAD coarse,0.041,1,0.07078774028492317,0.14830882257883604
WingCAD coarse,0.041,1,0.10665874097602213,0.07542933157280696
WingCAD coarse,0.041,1,0.15615472030000935,-0.10606702160094984
WingCAD coarse,0.041,1,0.22021860749512084,0.12770970269601623
WingCAD coarse,0.041,1,0.27258773153036814,-0.034328667773125154
WingCAD coarse,0.041,1,0.28010591081299707,-0.1039278648830435
WingCAD coarse,0.041,1,0.3481016175599974,-0.05269739976560106
WingCAD coarse,0.041,1,0.4150726625962998,-0.018247601879487707
WingCAD coarse,0.041,1,0.4848381151395357,-0.007614792848522623
WingCAD coarse,0.041,1,0.5682837214294753,-0.042292330907061526
WingCAD coarse,0.041,1,0.620207267360104,-0.01924124831307661
WingCAD coarse,0.041,1,0.6757022213652554,0.03919021883882923
WingCAD coarse,0.041,1,0.7004993414412123,-0.21691224811422605
WingCAD coarse,0.041,1,0.7448072613001315,0.08275037019782339
WingCAD coarse,0.041,1,0.8003762568886319,0.009382739966237286
WingCAD coarse,0.041,1,0.8376607280220202,-0.009842353715833863
WingCAD coarse,0.041,1,0.880678157546084,-0.1549001611277161
WingCAD coarse,0.041,1,0.9181793228232243,-0.4919891858582679
WingCAD coarse,0.041,1,0.9661178421345923,0.27792156956611164
WingCAD medium,0.041,0,0.0016373170537818597,0.015718756630553443
WingCAD medium,0.041,0,0.017610212173566696,-0.16562889292735727
WingCAD medium,0.041,0,0.037230775710754345,-0.013706925594511253
WingCAD medium,0.041,0,0.04309653588287184,-0.2748047058683132
WingCAD medium,0.041,0,0.06534350419865306,-0.43803204032752924
WingCAD medium,0.041,0,0.09276769565406942,-0.5314062063932348
WingCAD medium,0.041,0,0.1226320609836026,-0.314304171059155
WingCAD medium,0.041,0,0.14707001545930598,-0.43303124723405984
WingCAD medium,0.041,0,0.14749757376672162,-0.39506644769055566
WingCAD medium,0.041,0,0.17737180391986687,-0.4665081528834813
WingCAD medium,0.041,0,0.21081013994471975,-0.3878057994020665
WingCAD medium,0.041,0,0.24259098487466868,-0.47296585365475763
WingCAD medium,0.041,0,0.2918183973007251,-0.24178018445597263
WingCAD medium,0.041,0,0.32957310370748916,-0.40520243521351706
WingCAD medium,0.041,0,0.3601129628598888,-0.8517605232036138
WingCAD medium,0.041,0,0.3887223803118795,-0.19636151751930542
WingCAD medium,0.041,0,0.4291677357338848,-0.37470831723073306
WingCAD medium,0.041,0,0.4833724528308532,-0.22562918699198642
WingCAD medium,0.041,0,0.5334046696044844,-0.20809735789389538
WingCAD medium,0.041,0,0.5864841371384589,-0.3244722593129459
WingCAD medium,0.041,0,0.6389253804553857,-0.09023838792447836
WingCAD medium,0.041,0,0.680155074685338,-0.15346198828869673
WingCAD medium,0.041,0,0.7199484461360204,-0.1920226747432634
WingCAD medium,0.041,0,0.7509647220571389,-0.03556748686329647
WingCAD medium,0.041,0,0.7734972938764408,-0.14376442721833094
WingCAD medium,0.041,0,0.8013845929989919,-0.08774963839124306
WingCAD medium,0.041,0,0.833300553165428,-0.2150109657073929
WingCAD medium,0.041,0,0.8553686882211106,-0.11773291351621284
WingCAD medium,0.041,0,0.86777597552338,-0.1303685682377489
WingCAD medium,0.041,0,0.890899549242129,-0.1524607095404975
WingCAD medium,0.041,0,0.9212608710330465,-0.17745232720535964
WingCAD medium,0.041,0,0.9457458727046776,-0.4168831944030924
WingCAD medium,0.041,0,0.9788141645155004,0.4108136479352593
WingCAD medium,0.041,1,0.0016373170537733017,0.37242766329506116
WingCAD medium,0.041,1,0.01761021217429457,0.37587785905745674
WingCAD medium,0.041,1,0.03723077571145557,0.45733028401567627
WingCAD medium,0.041,1,0.04309575356614316,0.33070411834209124
WingCAD medium,0.041,1,0.06272892519426482,0.15180579577632747
WingCAD medium,0.041,1,0.08839678108688533,0.1377012374207125
WingCAD medium,0.041,1,0.10647817681876359,-0.15066451713513107
WingCAD medium,0.041,1,0.13568140353180466,-0.05332439689662793
WingCAD medium,0.041,1,0.16015187295150374,0.06214053440348566
WingCAD medium,0.041,1,0.18869889810054372,-0.09892519282874823
WingCAD medium,0.041,1,0.21932222653875127,-0.04558578931567436
WingCAD medium,0.041,1,0.24994788713057,-0.12984637997761483
WingCAD medium,0.041,1,0.28748703407061454,0.034806637070809
WingCAD medium,0.041,1,0.3153640776293857,-0.3127264794110556
WingCAD medium,0.041,1,0.3389739989896514,-0.13051089997451548
WingCAD medium,0.041,1,0.3800754039072109,-0.021896622215749506
WingCAD medium,0.041,1,0.42350849324586587,-0.1326625392840488
WingCAD medium,0.041,1,0.473805133121015,0.03776064612552166
WingCAD medium,0.041,1,0.5252435527997679,-0.013310274637656992
WingCAD medium,0.041,1,0.5548189975596803,-0.08605616107255942
WingCAD medium,0.041,1,0.5936105383927693,0.0063632350454838615
WingCAD medium,0.041,1,0.6402818508207139,-0.18998575953759578
WingCAD medium,0.041,1,0.6705259549931668,0.13355182013516753
WingCAD medium,0.041,1,0.7088345704200739,-0.058187049784876876
WingCAD medium,0.041,1,0.7403200086974431,-0.0008302189779814118
WingCAD medium,0.041,1,0.7711548931062844,-0.014735962240617349
WingCAD medium,0.041,1,0.8031526212718959,0.05124187537777536
WingCAD medium,0.041,1,0.8314975841400608,0.0016428434778605894
WingCAD medium,0.041,1,0.8633050553173401,0.04120205501506957
WingCAD medium,0.041,1,0.8903854709335877,0.04117004343062747
WingCAD medium,0.041,1,0.9226271157369612,-0.09276636779719794
WingCAD medium,0.041,1,0.9452469915495634,-0.4155129124305077
WingCAD medium,0.041,1,0.9785922409938309,0.4704601473700961
WingCAD fine,0.041,0,0.009229067462145862,0.10044078119849187
WingCAD fine,0.041,0,0.024292703417837173,-0.29996445505957525
WingCAD fine,0.041,0,0.04070889250276115,-0.5821576101290025
WingCAD fine,0.041,0,0.05485305057775765,-0.2205980576817579
WingCAD fine,0.041,0,0.06863068352870301,-0.5626931666167592
WingCAD fine,0.041,0,0.08925814599292278,-0.5050407898967786
WingCAD fine,0.041,0,0.1048838306571489,-0.4010312025331484
WingCAD fine,0.041,0,0.12440809111773864,-0.44671400005473116
WingCAD fine,0.041,0,0.14158030859912266,-0.4013355821053599
WingCAD fine,0.041,0,0.16180961196804977,-0.4138280545135049
WingCAD fine,0.041,0,0.17966686221973188,-0.44626232593871973
WingCAD fine,0.041,0,0.18369243313066438,-0.3767360598437719
WingCAD fine,0.041,0,0.20194779261219736,-0.4542187583325623
WingCAD fine,0.041,0,0.2188648578383247,-0.4341432001657759
WingCAD fine,0.041,0,0.23767989621403773,-0.38523997364387186
WingCAD fine,0.041,0,0.2630468161864315,-0.5412970261948822
WingCAD fine,0.041,0,0.29252893187228013,-0.2122372250310376
WingCAD fine,0.041,0,0.31517640364154775,-0.6322549086436262
WingCAD fine,0.041,0,0.3183268503887131,-0.4792702805500433
WingCAD fine,0.041,0,0.34821039000617315,-0.31663444238010774
WingCAD fine,0.041,0,0.3774470793877699,-0.4141529468769672
WingCAD fine,0.041,0,0.38909874254451926,-0.33544552593647126
WingCAD fine,0.041,0,0.4170389670732651,-0.345000028210104
WingCAD fine,0.041,0,0.43489407851250333,-0.28033775845141995
WingCAD fine,0.041,0,0.4616953730099256,-0.3268005418310904
WingCAD fine,0.041,0,0.49258120217542917,-0.1686809397925586
WingCAD fine,0.041,0,0.5175620142588149,-0.27838770217133235
WingCAD fine,0.041,0,0.5575181876259611,-0.3484803703932622
WingCAD fine,0.041,0,0.5779237733268086,-0.4277386130933827
WingCAD fine,0.041,0,0.5785812481279584,-0.2225642242472572
WingCAD fine,0.041,0,0.6003988905650928,-0.26580654479412624
WingCAD fine,0.041,0,0.6363022012953945,-0.3494352802417584
WingCAD fine,0.041,0,0.6571013304038167,-0.07689993389399419
WingCAD fine,0.041,0,0.6843951720155161,-0.12933674065949696
WingCAD fine,0.041,0,0.7115863789259935,-0.21275544055349305
WingCAD fine,0.041,0,0.7273732109474284,-0.2879105375270312
WingCAD fine,0.041,0,0.749666912264648,0.04167110043338418
WingCAD fine,0.041,0,0.7788331140573207,-0.15329375367995546
WingCAD fine,0.041,0,0.7987931641090934,-0.1090849751102263
WingCAD fine,0.041,0,0.8195008293176582,-0.12584405497373163
WingCAD fine,0.041,0,0.8387072262160449,-0.046909761329942734
WingCAD fine,0.041,0,0.851924741282466,-0.26922610374487665
WingCAD fine,0.041,0,0.868656080254384,-0.12076325643652351
WingCAD fine,0.041,0,0.8789744261704616,-0.45290446984880256
WingCAD fine,0.041,0,0.886885817273114,-0.015735301780630095
WingCAD fine,0.041,0,0.9041261906569728,0.012749852658121896
WingCAD fine,0.041,0,0.9245907805144884,-0.01748019271956669
WingCAD fine,0.041,0,0.9453940697636594,-0.21712763769523868
WingCAD fine,0.041,0,0.9598330499052504,-0.34820316627485615
WingCAD fine,0.041,0,0.9601694268140953,0.4975567602975586
WingCAD fine,0.041,0,0.9750918053590824,-0.3555875610115362
WingCAD fine,0.041,0,0.9948824137196441,0.46607363157326154
WingCAD fine,0.041,1,0.008171452243735014,0.5067389788440104
WingCAD fine,0.041,1,0.022105244319638787,0.41515082838532713
WingCAD fine,0.041,1,0.03453474929237495,0.2123088756230359
WingCAD fine,0.041,1,0.05330860044413023,0.14764807647669553
WingCAD fine,0.041,1,0.06616027512196185,0.09467826137378377
WingCAD fine,0.041,1,0.07282927328072011,0.06405917973472008
WingCAD fine,0.041,1,0.08753521593812985,0.10889114450416927
WingCAD fine,0.041,1,0.09748867944003747,0.01978248900064017
WingCAD fine,0.041,1,0.11329476928924018,0.04890507212079287
WingCAD fine,0.041,1,0.13226772638590603,0.010738811431153183
WingCAD fine,0.041,1,0.14858052932836618,-0.024959882559176583
WingCAD fine,0.041,1,0.16897870552272037,-0.016294028878331757
WingCAD fine,0.041,1,0.1858755197122711,-0.10146618520210238
WingCAD fine,0.041,1,0.20756836806829382,-0.09717372023005755
WingCAD fine,0.041,1,0.22647730583165293,-0.1288789805311068
WingCAD fine,0.041,1,0.24970859992553163,0.03307249099672471
WingCAD fine,0.041,1,0.2705845838748938,-0.0413795476821448
WingCAD fine,0.041,1,0.27487744776203854,-0.15104808954718574
WingCAD fine,0.041,1,0.2939977085772945,-0.12870693528138388
WingCAD fine,0.041,1,0.31591125960019695,-0.1680183162082951
WingCAD fine,0.041,1,0.336744522175192,0.057316068128155706
WingCAD fine,0.041,1,0.3643781063116679,-0.10423461748393903
WingCAD fine,0.041,1,0.3777167511880308,-0.12376787856525095
WingCAD fine,0.041,1,0.4093711268272871,-0.07219003064518015
WingCAD fine,0.041,1,0.4388093483217446,-0.06820691612699203
WingCAD fine,0.041,1,0.4664091842140447,-0.10577377384707032
WingCAD fine,0.041,1,0.4946276264741797,-0.05591417494714146
WingCAD fine,0.041,1,0.5115469324546121,-0.024612807442918605
WingCAD fine,0.041,1,0.5445287190676634,0.012621256218699473
WingCAD fine,0.041,1,0.5630698193702652,-0.06293820708372322
WingCAD fine,0.041,1,0.5688527718571952,-0.04980352221039985
WingCAD fine,0.041,1,0.5944049053418295,-0.07782509250307168
WingCAD fine,0.041,1,0.6231387419697112,-0.07455946653900059
WingCAD fine,0.041,1,0.6476227335630533,0.001447250914418885
WingCAD fine,0.041,1,0.683869845997735,-0.041532561098820864
WingCAD fine,0.041,1,0.7059765453761856,-0.013140095192065713
WingCAD fine,0.041,1,0.7133659472985165,-0.031249245233302858
WingCAD fine,0.041,1,0.734526583395294,0.025232094197943034
WingCAD fine,0.041,1,0.7615053880846819,0.0023530040787420603
WingCAD fine,0.041,1,0.7819005136451062,0.02347893832128689
WingCAD fine,0.041,1,0.8063059461796505,-0.007994469295834028
WingCAD fine,0.041,1,0.8240041416711575,0.023507740901618
WingCAD fine,0.041,1,0.8290855842881871,-0.004773820005492757
WingCAD fine,0.041,1,0.8462351385448701,0.04001995266696223
WingCAD fine,0.041,1,0.8712044722307485,0.015949725921142188
WingCAD fine,0.041,1,0.8885507744448017,0.12135961279423713
WingCAD fine,0.041,1,0.9101605296580266,-0.10248217706318385
WingCAD fine,0.041,1,0.9243959782464621,0.17574091543710912
WingCAD fine,0.041,1,0.9246995734234621,-0.13203920878431274
WingCAD fine,0.041,1,0.9271770925833727,0.08477928897924925
WingCAD fine,0.041,1,0.9446511218724042,0.223790767289255
WingCAD fine,0.041,1,0.9606346606795024,0.07239761505921738
WingCAD fine,0.041,1,0.9751845668364012,-0.6514438104436797
WingCAD fine,0.041,1,0.9944154247147269,0.35000317858423335
FLOWPanel reference,0.163,0,0.0007984572274609845,-0.04769446929976451
FLOWPanel reference,0.163,0,0.002062709319047428,-0.12028682593113225
FLOWPanel reference,0.163,0,0.005194958500389265,-0.18143847417553816
FLOWPanel reference,0.163,0,0.00941693850347573,-0.43631113110484304
FLOWPanel reference,0.163,0,0.016722583936539498,-0.583008583985021
FLOWPanel reference,0.163,0,0.025827142912575946,-0.5517757488121311
FLOWPanel reference,0.163,0,0.03759822829734478,-0.6094831308405371
FLOWPanel reference,0.163,0,0.05092488142390925,-0.5223507774186527
FLOWPanel reference,0.163,0,0.06674723411333326,-0.5751413805133689
FLOWPanel reference,0.163,0,0.08402549952894825,-0.4937674325917205
FLOWPanel reference,0.163,0,0.10377745188661387,-0.5511925995796358
FLOWPanel reference,0.163,0,0.12497247549898531,-0.4428182108694332
FLOWPanel reference,0.163,0,0.14857056420390283,-0.4975277927664947
FLOWPanel reference,0.163,0,0.1735705255950079,-0.4394060116343816
FLOWPanel reference,0.163,0,0.20096898802106658,-0.4740162205883141
FLOWPanel reference,0.163,0,0.22976666060548667,-0.45410749636643694
FLOWPanel reference,0.163,0,0.26043434407511007,-0.45258724012539536
FLOWPanel reference,0.163,0,0.292192933151482,-0.42900493911248855
FLOWPanel reference,0.163,0,0.3239561293352667,-0.40633881108370945
FLOWPanel reference,0.163,0,0.3557220131607904,-0.3826381131570018
FLOWPanel reference,0.163,0,0.3874694388983594,-0.3431080340865398
FLOWPanel reference,0.163,0,0.4192060967672495,-0.32597488365308847
FLOWPanel reference,0.163,0,0.4509184065584918,-0.2800851041948369
FLOWPanel reference,0.163,0,0.48261651244609377,-0.27078027961656304
FLOWPanel reference,0.163,0,0.5142910894512669,-0.2202084232363677
FLOWPanel reference,0.163,0,0.5459519404455565,-0.21924445212603372
FLOWPanel reference,0.163,0,0.5775932686136928,-0.1633072397464861
FLOWPanel reference,0.163,0,0.6092232077783325,-0.17177753259355444
FLOWPanel reference,0.163,0,0.6408391110293621,-0.10953291130426977
FLOWPanel reference,0.163,0,0.6724468261693098,-0.12813028858835418
FLOWPanel reference,0.163,0,0.7040461122006476,-0.058559230326181044
FLOWPanel reference,0.163,0,0.7356404809548106,-0.087559085024276
FLOWPanel reference,0.163,0,0.7654176322937308,-0.01960755110846457
FLOWPanel reference,0.163,0,0.7941346760778473,-0.058274647730243385
FLOWPanel reference,0.163,0,0.8205195302678135,0.006907153978454761
FLOWPanel reference,0.163,0,0.8455438583109053,-0.034445631810861466
FLOWPanel reference,0.163,0,0.8682369495633909,0.023018445312512292
FLOWPanel reference,0.163,0,0.8895700705046589,-0.012754891641987065
FLOWPanel reference,0.163,0,0.9085718209289919,0.03440529516090174
FLOWPanel reference,0.163,0,0.9262135230303676,0.008734814019615733
FLOWPanel reference,0.163,0,0.9415234596809935,0.05001207944110031
FLOWPanel reference,0.163,0,0.9554731176166809,0.03185603951706428
FLOWPanel reference,0.163,0,0.9670907291030554,0.07509454817104355
FLOWPanel reference,0.163,0,0.9773478979487569,0.05675877538625829
FLOWPanel reference,0.163,0,0.9852729324882266,0.11219175660604684
FLOWPanel reference,0.163,0,0.9918374731340569,0.08965455036479497
FLOWPanel reference,0.163,0,0.9960699093749412,0.3038259823913527
FLOWPanel reference,0.163,0,0.9989418691656571,0.3038259823913527
FLOWPanel reference,0.163,1,0.00046579486412523605,0.2135108651943476
FLOWPanel reference,0.163,1,0.0017300469557116798,0.354756212118976
FLOWPanel reference,0.163,1,0.004084029869042751,0.4121382627121339
FLOWPanel reference,0.163,1,0.008306009872129271,0.44854310087083693
FLOWPanel reference,0.163,1,0.01432690341818847,0.382884909765947
FLOWPanel reference,0.163,1,0.023431462394224972,0.31269170800540624
FLOWPanel reference,0.163,1,0.034091589112057126,0.2601736653821195
FLOWPanel reference,0.163,1,0.047418242238621656,0.1801880241737468
FLOWPanel reference,0.163,1,0.062200808091377124,0.17295359487445805
FLOWPanel reference,0.163,1,0.07947907350699211,0.08121640694774679
FLOWPanel reference,0.163,1,0.09820041017731275,0.1085632447226278
FLOWPanel reference,0.163,1,0.11939543378968417,0.024778850569064592
FLOWPanel reference,0.163,1,0.1419923300882432,0.06087226096785914
FLOWPanel reference,0.163,1,0.1669922914793483,-0.015318931347542364
FLOWPanel reference,0.163,1,0.19339146302881494,0.0010412740983883895
FLOWPanel reference,0.163,1,0.22218913561323503,-0.04999514140599537
FLOWPanel reference,0.163,1,0.25207771380440364,-0.046529639423141145
FLOWPanel reference,0.163,1,0.2838363028807756,-0.06435303729646047
FLOWPanel reference,0.163,1,0.3155975795988864,-0.0692047772316502
FLOWPanel reference,0.163,1,0.3473634634244101,-0.06674441471806203
FLOWPanel reference,0.163,1,0.37911857938125515,-0.06622438776450479
FLOWPanel reference,0.163,1,0.4108552372501453,-0.05269621318442663
FLOWPanel reference,0.163,1,0.4425776912153953,-0.05252290876983134
FLOWPanel reference,0.163,1,0.47427579710299717,-0.03165878046058701
FLOWPanel reference,0.163,1,0.505960176979716,-0.0347050213781146
FLOWPanel reference,0.163,1,0.5376210279740056,-0.006716530959773204
FLOWPanel reference,0.163,1,0.5692704899647987,-0.015282532965560147
FLOWPanel reference,0.163,1,0.6009004291294382,0.020881459802985503
FLOWPanel reference,0.163,1,0.6325221801829958,0.004423152449856915
FLOWPanel reference,0.163,1,0.6641298953229433,0.05093076025328047
FLOWPanel reference,0.163,1,0.6957326931857162,0.024660127758034167
FLOWPanel reference,0.163,1,0.7273270619398792,0.0827169102616887
FLOWPanel reference,0.163,1,0.7578613231392384,0.03422982841564559
FLOWPanel reference,0.163,1,0.786578366923355,0.10081198885993647
FLOWPanel reference,0.163,1,0.8139348845605968,0.04057892145338582
FLOWPanel reference,0.163,1,0.8389592126036884,0.11067690025836985
FLOWPanel reference,0.163,1,0.8626235703355627,0.047789977890194124
FLOWPanel reference,0.163,1,0.8839566912768306,0.11446042941904365
FLOWPanel reference,0.163,1,0.9039297638951412,0.05650558276946849
FLOWPanel reference,0.163,1,0.921571465996517,0.11642540640902864
FLOWPanel reference,0.163,1,0.9378528893829541,0.06829395393335902
FLOWPanel reference,0.163,1,0.9518025473186414,0.122425847154223
FLOWPanel reference,0.163,1,0.9643917626136559,0.08646086442881151
FLOWPanel reference,0.163,1,0.9746489314593574,0.13318922143759626
FLOWPanel reference,0.163,1,0.9835456064114193,0.11560655294119261
FLOWPanel reference,0.163,1,0.9901101470572493,0.15499270886106087
FLOWPanel reference,0.163,1,0.995314211252911,0.3038259823913527
FLOWPanel reference,0.163,1,0.9981861710436266,0.3038259823913527
WingCAD coarse,0.163,0,0.009964043494942489,-0.20945219845011787
WingCAD coarse,0.163,0,0.04318431972515692,-0.4758114077329903
WingCAD coarse,0.163,0,0.07253706100869008,-0.6867085107198603
WingCAD coarse,0.163,0,0.09861513068639167,-0.4913552723583052
WingCAD coarse,0.163,0,0.13508964365923434,-0.570956300609835
WingCAD coarse,0.163,0,0.15677918404840754,-0.5552359629048333
WingCAD coarse,0.163,0,0.19945813748549227,-0.5864495147936433
WingCAD coarse,0.163,0,0.24692688371940485,-0.4877597045875479
WingCAD coarse,0.163,0,0.2977191312537756,-0.3932154686427025
WingCAD coarse,0.163,0,0.3710547963026102,-0.30907901037988617
WingCAD coarse,0.163,0,0.4276973464945768,-0.2761491583522462
WingCAD coarse,0.163,0,0.5094470603452957,-0.16825504982213735
WingCAD coarse,0.163,0,0.5677250773506187,-0.2996672581320421
WingCAD coarse,0.163,0,0.5686308742386449,-0.23022776935270348
WingCAD coarse,0.163,0,0.6365124129594273,-0.13469086354366544
WingCAD coarse,0.163,0,0.7057190371963922,-0.09367630214697131
WingCAD coarse,0.163,0,0.7496899135552755,-0.12299109969927581
WingCAD coarse,0.163,0,0.8057010245729663,-0.17273986630496618
WingCAD coarse,0.163,0,0.8521031328109223,-0.06114655309158178
WingCAD coarse,0.163,0,0.8969809463727842,-0.09348741572759289
WingCAD coarse,0.163,0,0.9322379767019353,-0.4700673135269426
WingCAD coarse,0.163,0,0.9776946195668414,0.4358105718479814
WingCAD coarse,0.163,1,0.009727374889851597,0.3801842493719092
WingCAD coarse,0.163,1,0.04329440239296884,0.23755584045509082
WingCAD coarse,0.163,1,0.07250768934850388,0.035158486887878815
WingCAD coarse,0.163,1,0.09457059644506574,0.03234554298082004
WingCAD coarse,0.163,1,0.13061521421788183,0.08177328118482263
WingCAD coarse,0.163,1,0.15622877168351157,0.022514304522163964
WingCAD coarse,0.163,1,0.19949138495800944,-0.09071403828972269
WingCAD coarse,0.163,1,0.24689989148205563,-0.0683955082147032
WingCAD coarse,0.163,1,0.29656469358720555,-0.06861855054939436
WingCAD coarse,0.163,1,0.3684556836468417,-0.04547597676581794
WingCAD coarse,0.163,1,0.42388079326350825,-0.054208742403853094
WingCAD coarse,0.163,1,0.5014207949106785,-0.0345665723856301
WingCAD coarse,0.163,1,0.5604787662041015,0.04008684432489551
WingCAD coarse,0.163,1,0.5824803350017927,0.008406852951495014
WingCAD coarse,0.163,1,0.64322551304925,0.004940333517382767
WingCAD coarse,0.163,1,0.6968194458614465,0.04830982558266661
WingCAD coarse,0.163,1,0.7418742938046458,0.007990817387162341
WingCAD coarse,0.163,1,0.8018214941144791,-0.14690157916882152
WingCAD coarse,0.163,1,0.8315214169929608,0.19099316360170404
WingCAD coarse,0.163,1,0.8461144298248244,-0.025228280616569343
WingCAD coarse,0.163,1,0.8764959456305147,0.03494579645946749
WingCAD coarse,0.163,1,0.9047939041821611,-0.12203403025936566
WingCAD coarse,0.163,1,0.935098807703215,-0.42468333671955594
WingCAD coarse,0.163,1,0.9785821441038278,0.41565587186940756
WingCAD medium,0.163,0,0.00814712482492099,-0.17505473002050187
WingCAD medium,0.163,0,0.02943814196903028,-0.42203898228912395
WingCAD medium,0.163,0,0.04836879171915076,0.14396796672925316
WingCAD medium,0.163,0,0.06127161356019043,-0.36525250926162256
WingCAD medium,0.163,0,0.0857869020924854,-0.35847699412610945
WingCAD medium,0.163,0,0.12072874335953719,-0.5642374293634096
WingCAD medium,0.163,0,0.14302534855339016,-0.5885456302955334
WingCAD medium,0.163,0,0.1508515895069017,-0.7889363236146432
WingCAD medium,0.163,0,0.17391578532077104,-0.30111190370286267
WingCAD medium,0.163,0,0.20664225811464224,-0.6487360880683446
WingCAD medium,0.163,0,0.24435412948946103,-0.4893247955375475
WingCAD medium,0.163,0,0.27098576155166937,-0.3768017414357492
WingCAD medium,0.163,0,0.2742742154980315,-0.41709564302301344
WingCAD medium,0.163,0,0.30441504076723597,-0.4072276977944862
WingCAD medium,0.163,0,0.3529727286397896,-0.4141365247444666
WingCAD medium,0.163,0,0.38220005448130384,-0.33357775647906984
WingCAD medium,0.163,0,0.4152469991290251,-0.320455288203904
WingCAD medium,0.163,0,0.448149918963772,-0.39011085745030427
WingCAD medium,0.163,0,0.4600462230632206,-0.24599322471195695
WingCAD medium,0.163,0,0.4970256548223437,-0.22337436505673836
WingCAD medium,0.163,0,0.5519008293188177,-0.17537874355490324
WingCAD medium,0.163,0,0.5860719272301778,-0.20429755975929778
WingCAD medium,0.163,0,0.614297130730572,-0.16994485760445355
WingCAD medium,0.163,0,0.6457277788404848,-0.16168660672162272
WingCAD medium,0.163,0,0.6767231291624348,-0.3437128094788613
WingCAD medium,0.163,0,0.7042278293514905,-0.01829510635126952
WingCAD medium,0.163,0,0.7401195680670926,-0.06242117374145062
WingCAD medium,0.163,0,0.7679218393654059,-0.17387132925062776
WingCAD medium,0.163,0,0.7758554044837871,-0.0741477700010702
WingCAD medium,0.163,0,0.8033826160972204,-0.05014030037211237
WingCAD medium,0.163,0,0.8466602758269935,-0.09474699113133567
WingCAD medium,0.163,0,0.8735865828851304,0.04075938710922522
WingCAD medium,0.163,0,0.9017958906079241,-0.09142562745865668
WingCAD medium,0.163,0,0.9261701603276605,0.04228898676138404
WingCAD medium,0.163,0,0.9324649514957297,-0.16046291075863328
WingCAD medium,0.163,0,0.9547533344712719,-0.10232123974897345
WingCAD medium,0.163,0,0.9875954176418765,0.2658733159471394
WingCAD medium,0.163,1,0.008397358670207668,0.4393331820114068
WingCAD medium,0.163,1,0.029037734091639525,0.3655075484052366
WingCAD medium,0.163,1,0.04845647380130116,0.18540132335000725
WingCAD medium,0.163,1,0.07276272369572018,0.42206482367392406
WingCAD medium,0.163,1,0.09429430957686015,0.16558957836132737
WingCAD medium,0.163,1,0.09990503528109611,-0.002903824582060288
WingCAD medium,0.163,1,0.10477646478604569,0.11185474455512379
WingCAD medium,0.163,1,0.13022148561073793,0.08355816966510621
WingCAD medium,0.163,1,0.15920933847000443,-0.09080649368519178
WingCAD medium,0.163,1,0.18851956522894453,-0.06873802409329022
WingCAD medium,0.163,1,0.2222076605152597,-0.027944521853988435
WingCAD medium,0.163,1,0.25672943999059894,-0.10753170769098873
WingCAD medium,0.163,1,0.30001707970451436,0.02425978935966666
WingCAD medium,0.163,1,0.3372247522921572,-0.11034981013644107
WingCAD medium,0.163,1,0.3671670207312795,-0.32332985317628626
WingCAD medium,0.163,1,0.40280977218587094,-0.0016437914347149363
WingCAD medium,0.163,1,0.44909712943207597,-0.046185566671099076
WingCAD medium,0.163,1,0.4960449803535007,-0.06350717350798729
WingCAD medium,0.163,1,0.5453752577746546,-0.005613049026976791
WingCAD medium,0.163,1,0.5900338478897007,0.023870860745508482
WingCAD medium,0.163,1,0.6394478579728662,0.009444581244862915
WingCAD medium,0.163,1,0.6804393146113658,0.0157404469780259
WingCAD medium,0.163,1,0.7233493069301479,0.06671745347005875
WingCAD medium,0.163,1,0.7584266679971368,0.0008462618340655537
WingCAD medium,0.163,1,0.7649389645280543,0.0214560748906778
WingCAD medium,0.163,1,0.7901331183484376,-0.007941770423652628
WingCAD medium,0.163,1,0.8240655824054423,0.06598996560890014
WingCAD medium,0.163,1,0.8476670854537619,0.09818083592688753
WingCAD medium,0.163,1,0.8661572354656412,-0.3825933258377938
WingCAD medium,0.163,1,0.885849057127507,0.3133678914310445
WingCAD medium,0.163,1,0.9049977566008179,-0.17053849148244615
WingCAD medium,0.163,1,0.9192711087862602,0.09567370365037775
WingCAD medium,0.163,1,0.9396244274990592,0.23788348681767135
WingCAD medium,0.163,1,0.9637757932068104,-0.8154445442039358
WingCAD medium,0.163,1,0.98727225728702,0.2658733159471394
WingCAD fine,0.163,0,0.007603568599807979,-0.172240457362131
WingCAD fine,0.163,0,0.02013743041684644,-0.32695030010943626
WingCAD fine,0.163,0,0.03248626019684022,-0.7635952895249982
WingCAD fine,0.163,0,0.04943136789326685,-0.7400039836833201
WingCAD fine,0.163,0,0.06385171919166693,-0.36448709046567207
WingCAD fine,0.163,0,0.07999192974338688,-0.6139934949597021
WingCAD fine,0.163,0,0.09687055664150702,-0.6309215944876643
WingCAD fine,0.163,0,0.11725955346803932,-0.5179973728388434
WingCAD fine,0.163,0,0.13475377968730792,-0.606337484137806
WingCAD fine,0.163,0,0.1447161607360261,-0.3683473662384704
WingCAD fine,0.163,0,0.16515932242610903,-0.49604407973226944
WingCAD fine,0.163,0,0.1824577065130148,-0.6496553270217766
WingCAD fine,0.163,0,0.20594882724158384,-0.39168603101086474
WingCAD fine,0.163,0,0.2255474640482476,-0.41813352575909346
WingCAD fine,0.163,0,0.22578141890074133,-0.5309896026892464
WingCAD fine,0.163,0,0.24415228507245681,-0.4570613247180442
WingCAD fine,0.163,0,0.2680662037213479,-0.41598163683249423
WingCAD fine,0.163,0,0.2860595543655077,-0.7691393262296757
WingCAD fine,0.163,0,0.31206343509315126,-0.29992268893381935
WingCAD fine,0.163,0,0.3284348221563421,-0.9902847146092025
WingCAD fine,0.163,0,0.3323202315449103,-0.27590051648345626
WingCAD fine,0.163,0,0.3540598842701978,-0.5112556937316592
WingCAD fine,0.163,0,0.3853092680871596,-0.31595429114582463
WingCAD fine,0.163,0,0.4134514902964416,-0.3003187961324638
WingCAD fine,0.163,0,0.44621041614903534,-0.2463561350397487
WingCAD fine,0.163,0,0.4759087399958264,-0.23112762124584418
WingCAD fine,0.163,0,0.5102369712547019,-0.22556755756818325
WingCAD fine,0.163,0,0.5390854601893688,-0.2125885955649791
WingCAD fine,0.163,0,0.5723846107742357,-0.20163845158051763
WingCAD fine,0.163,0,0.6000037855376218,-0.14284028585198216
WingCAD fine,0.163,0,0.6275407749592674,-0.173300401518089
WingCAD fine,0.163,0,0.654081537333299,-0.0826680552556549
WingCAD fine,0.163,0,0.6566085812525249,-0.2899835248793292
WingCAD fine,0.163,0,0.6571792045711585,-0.10026484443788575
WingCAD fine,0.163,0,0.6846293977047723,0.01680457034091465
WingCAD fine,0.163,0,0.7222408225444034,-0.10470591325315026
WingCAD fine,0.163,0,0.7469103370078313,0.012975198387242814
WingCAD fine,0.163,0,0.7723277049307621,-0.1680335032400262
WingCAD fine,0.163,0,0.797483671060184,-0.08686226395340513
WingCAD fine,0.163,0,0.8128131853151602,0.011058624462371713
WingCAD fine,0.163,0,0.8293170378551097,-0.1364650893375634
WingCAD fine,0.163,0,0.8455357401814786,0.016475942891648332
WingCAD fine,0.163,0,0.8621802421115208,-0.022891113226171544
WingCAD fine,0.163,0,0.8801146323097985,-0.004549337153869182
WingCAD fine,0.163,0,0.896648898446919,0.012147063330145813
WingCAD fine,0.163,0,0.9150981123431599,0.06966041584735905
WingCAD fine,0.163,0,0.9281793280045941,-0.06823187189057012
WingCAD fine,0.163,0,0.9478423125022643,-0.21272158312310283
WingCAD fine,0.163,0,0.960709369921422,-0.2853199277122782
WingCAD fine,0.163,0,0.967006742968155,0.5449825201346911
WingCAD fine,0.163,0,0.9819557429941854,-0.2755326196530661
WingCAD fine,0.163,0,0.9962723411262123,0.32419510792588463
WingCAD fine,0.163,1,0.008615589192471964,0.44532717475445055
WingCAD fine,0.163,1,0.02090422905743373,0.4245572282004654
WingCAD fine,0.163,1,0.0341036397679219,0.2962168224696299
WingCAD fine,0.163,1,0.05068324369302078,0.04707328853970816
WingCAD fine,0.163,1,0.06054163627709355,0.13255787290024235
WingCAD fine,0.163,1,0.07221416581486129,0.16663802692886986
WingCAD fine,0.163,1,0.08470830011758196,0.0665448992295492
WingCAD fine,0.163,1,0.08934482697211273,0.13358258304821546
WingCAD fine,0.163,1,0.10670220620844914,0.05108805748389544
WingCAD fine,0.163,1,0.12305058924531911,0.060766444905085426
WingCAD fine,0.163,1,0.12308400513734057,-0.03025278271669274
WingCAD fine,0.163,1,0.14181679048090678,0.0030020495079119414
WingCAD fine,0.163,1,0.1609416434233688,-0.017405893146021922
WingCAD fine,0.163,1,0.16557931180273702,-0.03268482625577973
WingCAD fine,0.163,1,0.1849473690322042,-0.024900036681743565
WingCAD fine,0.163,1,0.20196636326059006,-0.05221338709021816
WingCAD fine,0.163,1,0.2193723868713232,-0.09217384887037872
WingCAD fine,0.163,1,0.24427124134842135,-0.15040191265935232
WingCAD fine,0.163,1,0.266221440515192,-0.056953597144612685
WingCAD fine,0.163,1,0.2883775246166063,-0.17059464266063795
WingCAD fine,0.163,1,0.31964367551887546,0.008587025875933407
WingCAD fine,0.163,1,0.3433623318600101,-0.21902809700289264
WingCAD fine,0.163,1,0.34668061405749545,-0.16270728115766797
WingCAD fine,0.163,1,0.37921996673807024,-0.02533527414717951
WingCAD fine,0.163,1,0.4106181211547083,-0.11710765996898775
WingCAD fine,0.163,1,0.4151723807578785,-0.06607405973190583
WingCAD fine,0.163,1,0.4447122057280935,-0.06208952571352988
WingCAD fine,0.163,1,0.47076500308563496,-0.04493573697303521
WingCAD fine,0.163,1,0.5012845643102581,-0.0354782882774205
WingCAD fine,0.163,1,0.533604310891237,-0.018643124886969176
WingCAD fine,0.163,1,0.5660066070318368,-0.011550530615044519
WingCAD fine,0.163,1,0.5985075688587522,-0.018768715483813203
WingCAD fine,0.163,1,0.6245801615246512,0.03242906771797527
WingCAD fine,0.163,1,0.65410108814308,-0.0674383479941918
WingCAD fine,0.163,1,0.6726355460133409,-0.14448679570993428
WingCAD fine,0.163,1,0.688925781008671,0.08365295513008775
WingCAD fine,0.163,1,0.6998445742225349,-0.06928065090291669
WingCAD fine,0.163,1,0.715107532760604,-0.11454071675352041
WingCAD fine,0.163,1,0.7265014179563907,0.014412824888925037
WingCAD fine,0.163,1,0.745603297100952,0.015782711945689032
WingCAD fine,0.163,1,0.770286941242562,0.06246310985683278
WingCAD fine,0.163,1,0.7913467792292737,0.02845429783297126
WingCAD fine,0.163,1,0.817116382232568,0.0030239136284252455
WingCAD fine,0.163,1,0.8359741990049534,0.08372252338617936
WingCAD fine,0.163,1,0.8558026865669637,-0.04379324169742449
WingCAD fine,0.163,1,0.8743777886646981,0.058083221745721114
WingCAD fine,0.163,1,0.8897842544891444,0.05842422873606623
WingCAD fine,0.163,1,0.9084959653885076,0.07446867081795028
WingCAD fine,0.163,1,0.9241211638595137,-0.02921356294527322
WingCAD fine,0.163,1,0.9466251906908706,0.0037023430809538516
WingCAD fine,0.163,1,0.9619680237395325,-0.45003330680073494
WingCAD fine,0.163,1,0.9653597658762159,0.5144448963423103
WingCAD fine,0.163,1,0.9798568462907989,-0.5886233922156525
WingCAD fine,0.163,1,0.9959247661308037,0.32419510792588463
FLOWPanel reference,0.245,0,0.001140158494891513,-0.20212358460841084
FLOWPanel reference,0.245,0,0.0024044105864780125,-0.18902248848841197
FLOWPanel reference,0.245,0,0.00633607262448084,-0.25060232712034414
FLOWPanel reference,0.245,0,0.010558052627567361,-0.5023340633679061
FLOWPanel reference,0.245,0,0.019183358462611298,-0.6546235322618319
FLOWPanel reference,0.245,0,0.0282879174386478,-0.6018847607152094
FLOWPanel reference,0.245,0,0.04120014779920764,-0.6623561433141925
FLOWPanel reference,0.245,0,0.05452680092577211,-0.5569960021993365
FLOWPanel reference,0.245,0,0.07141719292203166,-0.6146077671935191
FLOWPanel reference,0.245,0,0.08869545833764661,-0.5190834408867624
FLOWPanel reference,0.245,0,0.10950602965980362,-0.5811961124172809
FLOWPanel reference,0.245,0,0.13070105327217493,-0.4640084848860408
FLOWPanel reference,0.245,0,0.15532753818868708,-0.5180754120987383
FLOWPanel reference,0.245,0,0.18032749957979216,-0.45807329062097724
FLOWPanel reference,0.245,0,0.2087524050204423,-0.4881170821014824
FLOWPanel reference,0.245,0,0.23755007760486235,-0.46732459331919496
FLOWPanel reference,0.245,0,0.2690180357386841,-0.4625830674458724
FLOWPanel reference,0.245,0,0.30077662481505607,-0.4359066500114736
FLOWPanel reference,0.245,0,0.33254179261909533,-0.4126785312525527
FLOWPanel reference,0.245,0,0.36430767644461903,-0.3847642884538547
FLOWPanel reference,0.245,0,0.3960472030088429,-0.3464817684685624
FLOWPanel reference,0.245,0,0.4277838608777329,-0.32519501299465814
FLOWPanel reference,0.245,0,0.4594857508634984,-0.28131163631976386
FLOWPanel reference,0.245,0,0.4911838567511003,-0.2684831794524234
FLOWPanel reference,0.245,0,0.5228483645269262,-0.21998570626336567
FLOWPanel reference,0.245,0,0.5545092155212158,-0.2163475306851321
FLOWPanel reference,0.245,0,0.5861421888592985,-0.16210234644091637
FLOWPanel reference,0.245,0,0.6177721280239382,-0.16882949781578116
FLOWPanel reference,0.245,0,0.6493820245794242,-0.10750800727153666
FLOWPanel reference,0.245,0,0.6809897397193718,-0.12542866885034765
FLOWPanel reference,0.245,0,0.7125854184978773,-0.05562057140530063
FLOWPanel reference,0.245,0,0.7441797872520405,-0.08532509111146802
FLOWPanel reference,0.245,0,0.7731792569912084,-0.015567763293605541
FLOWPanel reference,0.245,0,0.8018963007753249,-0.056633509683508665
FLOWPanel reference,0.245,0,0.8272830900561116,0.011647049424460487
FLOWPanel reference,0.245,0,0.8523074180992032,-0.03377026584340248
FLOWPanel reference,0.245,0,0.8740028521965725,0.02741913941648066
FLOWPanel reference,0.245,0,0.8953359731378403,-0.013317211264843865
FLOWPanel reference,0.245,0,0.9133400091786233,0.03672184678310897
FLOWPanel reference,0.245,0,0.9309817112799993,0.006789310229371904
FLOWPanel reference,0.245,0,0.9452937645344089,0.04956406053966511
FLOWPanel reference,0.245,0,0.9592434224700962,0.028442426686209887
FLOWPanel reference,0.245,0,0.9698630303063928,0.0724673007522395
FLOWPanel reference,0.245,0,0.9801201991520943,0.05166720123495805
FLOWPanel reference,0.245,0,0.9870471924429528,0.10766911083439479
FLOWPanel reference,0.245,0,0.9936117330887828,0.08171635405756883
FLOWPanel reference,0.245,0,0.9968461408773673,0.2972621276026174
FLOWPanel reference,0.245,0,0.9997181006680832,0.2972621276026174
FLOWPanel reference,0.245,1,0.00012409359669442893,0.1558746378542779
FLOWPanel reference,0.245,1,0.0013883456882808167,0.31792092481013634
FLOWPanel reference,0.245,1,0.002942915744951009,0.39903561123489084
FLOWPanel reference,0.245,1,0.00716489574803753,0.4511073696636622
FLOWPanel reference,0.245,1,0.011866128892116504,0.3947264120000541
FLOWPanel reference,0.245,1,0.020970687868152895,0.3312746201570447
FLOWPanel reference,0.245,1,0.030489669610194045,0.27878867464203827
FLOWPanel reference,0.245,1,0.04381632273675863,0.19982348129510286
FLOWPanel reference,0.245,1,0.057530849282678716,0.19149650886638092
FLOWPanel reference,0.245,1,0.07480911469829377,0.09872153856762844
FLOWPanel reference,0.245,1,0.09247183240412311,0.12386112713881137
FLOWPanel reference,0.245,1,0.11366685601649444,0.0396171593865412
FLOWPanel reference,0.245,1,0.13523535610345883,0.0700912698538867
FLOWPanel reference,0.245,1,0.16023531749456382,-0.0021873590471839233
FLOWPanel reference,0.245,1,0.1856080460294389,0.007458505615479006
FLOWPanel reference,0.245,1,0.2144057186138591,-0.039453860048092704
FLOWPanel reference,0.245,1,0.24349402214082946,-0.040569186034915994
FLOWPanel reference,0.245,1,0.2752526112172013,-0.057713652770968966
FLOWPanel reference,0.245,1,0.30701191631505764,-0.06411957681038238
FLOWPanel reference,0.245,1,0.33877780014058134,-0.06360739650212022
FLOWPanel reference,0.245,1,0.37054081527077154,-0.06259339215659199
FLOWPanel reference,0.245,1,0.40227747313966167,-0.05228607192955015
FLOWPanel reference,0.245,1,0.43401034691038876,-0.05041590627792658
FLOWPanel reference,0.245,1,0.46570845279799067,-0.033390619427101864
FLOWPanel reference,0.245,1,0.49740290190405645,-0.03399905169276107
FLOWPanel reference,0.245,1,0.5290637528983461,-0.010103294408362329
FLOWPanel reference,0.245,1,0.5607215697191928,-0.015721059450423125
FLOWPanel reference,0.245,1,0.5923515088838323,0.01639877747977292
FLOWPanel reference,0.245,1,0.6239792666329333,0.003188264970717669
FLOWPanel reference,0.245,1,0.6555869817728812,0.04614223660554051
FLOWPanel reference,0.245,1,0.6871933868884863,0.0230041219073992
FLOWPanel reference,0.245,1,0.7187877556426495,0.07858774472788799
FLOWPanel reference,0.245,1,0.7500996984417609,0.032036852627337686
FLOWPanel reference,0.245,1,0.7788167422258773,0.09776512415946714
FLOWPanel reference,0.245,1,0.8071713247722988,0.037758415183295146
FLOWPanel reference,0.245,1,0.8321956528153907,0.1087782575326588
FLOWPanel reference,0.245,1,0.856857667702381,0.04444505751391559
FLOWPanel reference,0.245,1,0.878190788643649,0.11283462947111655
FLOWPanel reference,0.245,1,0.8991615756455096,0.05277353125566597
FLOWPanel reference,0.245,1,0.9168032777468853,0.11345144588707379
FLOWPanel reference,0.245,1,0.9340825845295387,0.06411629608413727
FLOWPanel reference,0.245,1,0.9480322424652263,0.11766681687470493
FLOWPanel reference,0.245,1,0.9616194614103187,0.08161545917202939
FLOWPanel reference,0.245,1,0.97187663025602,0.12672562664500486
FLOWPanel reference,0.245,1,0.9817713464566934,0.10970787494668298
FLOWPanel reference,0.245,1,0.9883358871025234,0.14573918186099044
FLOWPanel reference,0.245,1,0.9945379797504849,0.2972621276026174
FLOWPanel reference,0.245,1,0.9974099395412007,0.2972621276026174
WingCAD coarse,0.245,0,0.013505650954998557,-0.30183502012566477
WingCAD coarse,0.245,0,0.04725683438266263,-0.4683980554554538
WingCAD coarse,0.245,0,0.07961022589061034,-0.5613549452970803
WingCAD coarse,0.245,0,0.12145232435283983,-0.6293219768383878
WingCAD coarse,0.245,0,0.15328653777656856,-0.37497621557181593
WingCAD coarse,0.245,0,0.17802117216248725,-0.9568453073799652
WingCAD coarse,0.245,0,0.22650704058701565,-0.8377185300699522
WingCAD coarse,0.245,0,0.2579726495446313,-0.28155440193390224
WingCAD coarse,0.245,0,0.29011558769822804,-0.8575988730418149
WingCAD coarse,0.245,0,0.35577038203592487,-0.32523374320825527
WingCAD coarse,0.245,0,0.4081568019423296,-0.22975326066772062
WingCAD coarse,0.245,0,0.45715569486251856,-0.20335644261558783
WingCAD coarse,0.245,0,0.5155561102234095,-0.2560161710600497
WingCAD coarse,0.245,0,0.5464144773508521,-0.1943621175968948
WingCAD coarse,0.245,0,0.6044913641428504,-0.1420187726994513
WingCAD coarse,0.245,0,0.6818123288611121,-0.12424323464736385
WingCAD coarse,0.245,0,0.7379424522457079,-0.09726201304936088
WingCAD coarse,0.245,0,0.7931161999641758,-0.04211009263749976
WingCAD coarse,0.245,0,0.8375481437251279,-0.08629309592533918
WingCAD coarse,0.245,0,0.8734097364483258,-0.3518433590313532
WingCAD coarse,0.245,0,0.9037572199308185,-0.025855225913245846
WingCAD coarse,0.245,0,0.9402327165529559,-0.5080027147538797
WingCAD coarse,0.245,0,0.9821373814008286,0.41205326661581015
WingCAD coarse,0.245,1,0.01346708185289625,0.40041746851007665
WingCAD coarse,0.245,1,0.04787649292988514,0.28455146441138135
WingCAD coarse,0.245,1,0.0795926504349101,0.10548359666567053
WingCAD coarse,0.245,1,0.11962663310388778,-0.06715422250579728
WingCAD coarse,0.245,1,0.15019421921109585,0.0790523260954833
WingCAD coarse,0.245,1,0.17714065857591538,-0.2733162879656714
WingCAD coarse,0.245,1,0.22901080317142625,-0.2676237442860354
WingCAD coarse,0.245,1,0.26236591355364886,0.06483049120962703
WingCAD coarse,0.245,1,0.2922482700652291,-0.500615778407725
WingCAD coarse,0.245,1,0.3542122437105565,-0.031151330941677102
WingCAD coarse,0.245,1,0.406374175429004,-0.01195636366720576
WingCAD coarse,0.245,1,0.453507773913785,-0.016888220232297968
WingCAD coarse,0.245,1,0.5123231238271136,-0.03109650317385504
WingCAD coarse,0.245,1,0.545705062853368,-0.013868427177337939
WingCAD coarse,0.245,1,0.6050557321950873,0.012978794693919271
WingCAD coarse,0.245,1,0.6834170958005495,-0.0008167250551878169
WingCAD coarse,0.245,1,0.739375972849529,-0.004012313573103832
WingCAD coarse,0.245,1,0.793649089983809,0.024090871740486297
WingCAD coarse,0.245,1,0.8376700599404392,-0.016502077263760295
WingCAD coarse,0.245,1,0.8735285827028539,-0.28880736330883616
WingCAD coarse,0.245,1,0.9038228421950624,0.012544173064164221
WingCAD coarse,0.245,1,0.9402489866429171,-0.46874436702801336
WingCAD coarse,0.245,1,0.9821436025993904,0.4216595651344473
WingCAD medium,0.245,0,0.011014542096182849,-0.19272182418450523
WingCAD medium,0.245,0,0.030424248541592574,-0.4880320670259986
WingCAD medium,0.245,0,0.05013970824219527,-0.7231138638032522
WingCAD medium,0.245,0,0.07904646241565429,-0.5584964721020547
WingCAD medium,0.245,0,0.10229873845978865,-0.6684461800020274
WingCAD medium,0.245,0,0.1256105288907498,-0.5542634085973344
WingCAD medium,0.245,0,0.15102934766167006,-0.6292837668682434
WingCAD medium,0.245,0,0.16180451625290793,-0.5675759732497834
WingCAD medium,0.245,0,0.19069580179680426,-0.47796891772092764
WingCAD medium,0.245,0,0.2351589729697971,-0.4217819428645251
WingCAD medium,0.245,0,0.26867196652060804,-0.5035554517301459
WingCAD medium,0.245,0,0.31091195488600565,-0.38289514837755845
WingCAD medium,0.245,0,0.34704186951242544,-0.37804561957324023
WingCAD medium,0.245,0,0.36124534810314274,-0.3686929756279689
WingCAD medium,0.245,0,0.4015042789493981,-0.30187929820625303
WingCAD medium,0.245,0,0.4607979134942394,-0.24403073696513555
WingCAD medium,0.245,0,0.501816556809338,-0.2252201519524648
WingCAD medium,0.245,0,0.5510057239198842,-0.12592604483139191
WingCAD medium,0.245,0,0.5927938989846495,-0.1974136635656385
WingCAD medium,0.245,0,0.6064821114208736,-0.20017555355328387
WingCAD medium,0.245,0,0.6520267877865839,-0.08093755224403565
WingCAD medium,0.245,0,0.7036730426937068,-0.11469105110609366
WingCAD medium,0.245,0,0.7310440911191352,-0.10327870022526309
WingCAD medium,0.245,0,0.7746221278249743,-0.08422093494348593
WingCAD medium,0.245,0,0.8028578575058747,-0.01274247684326002
WingCAD medium,0.245,0,0.806606822118929,-0.10215317604412633
WingCAD medium,0.245,0,0.8304266994704883,-0.05988378681225326
WingCAD medium,0.245,0,0.8644171410172491,-0.11221134739295158
WingCAD medium,0.245,0,0.8855262414831958,-0.08659690264330955
WingCAD medium,0.245,0,0.9139729488996573,-0.1432233707482098
WingCAD medium,0.245,0,0.9359238321314707,-0.010713888294560547
WingCAD medium,0.245,0,0.9388766560216661,-0.11724266551748275
WingCAD medium,0.245,0,0.9610667154818121,-0.4197336388144097
WingCAD medium,0.245,0,0.991222414540598,0.3209615688077766
WingCAD medium,0.245,1,0.011025804902469507,0.44568614153518027
WingCAD medium,0.245,1,0.030880075099814133,0.3894836802342657
WingCAD medium,0.245,1,0.0483668171402958,0.14055099255477765
WingCAD medium,0.245,1,0.06831359326969108,0.208696437735433
WingCAD medium,0.245,1,0.08894776761756071,0.1398495430361204
WingCAD medium,0.245,1,0.10516084299143359,-0.04108442439831195
WingCAD medium,0.245,1,0.1312776434644921,0.15612472967423874
WingCAD medium,0.245,1,0.15655610654478982,-0.11195365690925874
WingCAD medium,0.245,1,0.1866039124254894,0.004844166287970575
WingCAD medium,0.245,1,0.21255555021479686,-0.1325741873386952
WingCAD medium,0.245,1,0.22109414099743802,-0.047948330685992024
WingCAD medium,0.245,1,0.2495807169800792,-0.107214413946799
WingCAD medium,0.245,1,0.2789062752140046,-0.32741627212901725
WingCAD medium,0.245,1,0.30319660214567223,-0.11799699771217333
WingCAD medium,0.245,1,0.3524561260333029,0.0586902116197825
WingCAD medium,0.245,1,0.391695714879668,-0.09688931073328844
WingCAD medium,0.245,1,0.4039077326190067,-0.12190875286600546
WingCAD medium,0.245,1,0.4502478124058001,0.04072047107292964
WingCAD medium,0.245,1,0.5025168150305955,0.000676472506845327
WingCAD medium,0.245,1,0.5387754675498926,-0.04671187481664285
WingCAD medium,0.245,1,0.582242652661769,-0.09410278912362924
WingCAD medium,0.245,1,0.6087494264475359,-0.09604943680724443
WingCAD medium,0.245,1,0.6313945481624819,0.03819261751374203
WingCAD medium,0.245,1,0.6637823375496986,0.06913839978993586
WingCAD medium,0.245,1,0.6970376406069734,-0.026180018075662392
WingCAD medium,0.245,1,0.7235007416868189,0.008691070044929083
WingCAD medium,0.245,1,0.7500913869724971,0.002133897336183188
WingCAD medium,0.245,1,0.7763834940189251,0.025343857648876922
WingCAD medium,0.245,1,0.7939220837701843,0.04880986092307393
WingCAD medium,0.245,1,0.8220752918262094,0.07862751589594275
WingCAD medium,0.245,1,0.8604603198026731,0.01198000748372341
WingCAD medium,0.245,1,0.8864212189335525,0.09232346910185762
WingCAD medium,0.245,1,0.9152842455318596,-0.06591488787805266
WingCAD medium,0.245,1,0.9370780726352312,0.06613276206391805
WingCAD medium,0.245,1,0.9393762361278387,-0.07232180758801454
WingCAD medium,0.245,1,0.961178027918817,-0.33154448776195045
WingCAD medium,0.245,1,0.9912189440175013,0.4225374294292433
WingCAD fine,0.245,0,0.0003312368359349753,-0.14903550207766503
WingCAD fine,0.245,0,0.011494417865250153,-0.40999173459431
WingCAD fine,0.245,0,0.022425321411606216,-0.6691848312345292
WingCAD fine,0.245,0,0.022685622842019006,-0.7346330253387787
WingCAD fine,0.245,0,0.034089014115761,-0.8609734870917054
WingCAD fine,0.245,0,0.056595309444022794,-0.5773646999453428
WingCAD fine,0.245,0,0.06988393318175587,-0.4723227356691339
WingCAD fine,0.245,0,0.0859019526641606,-0.64429039459527
WingCAD fine,0.245,0,0.10225962697828021,-0.6185083275965235
WingCAD fine,0.245,0,0.11012282008651668,-0.4213526587860277
WingCAD fine,0.245,0,0.1276246365977251,-0.5982212484055485
WingCAD fine,0.245,0,0.14427921103774835,-0.5248302125922628
WingCAD fine,0.245,0,0.1650926148401455,-0.5005820161411225
WingCAD fine,0.245,0,0.18762374968176077,-0.48393141225207487
WingCAD fine,0.245,0,0.20883228696284706,-0.5105976924819817
WingCAD fine,0.245,0,0.2331765828702318,-0.47296883999247424
WingCAD fine,0.245,0,0.25518697079914837,-0.5024186632306264
WingCAD fine,0.245,0,0.283298564757832,-0.38308000473609494
WingCAD fine,0.245,0,0.30769170293444886,-0.46678463091711886
WingCAD fine,0.245,0,0.34263413088106887,-0.31376854734465676
WingCAD fine,0.245,0,0.36940185228529204,-0.4125924996626944
WingCAD fine,0.245,0,0.3702321278624163,-0.3221862263171116
WingCAD fine,0.245,0,0.40044544570041996,-0.25774539657474094
WingCAD fine,0.245,0,0.4340835754406427,-0.2680389875927036
WingCAD fine,0.245,0,0.46232356697394783,-0.24807067823102405
WingCAD fine,0.245,0,0.49420052459167574,-0.1716764486836435
WingCAD fine,0.245,0,0.5252181748782493,-0.1173894392059176
WingCAD fine,0.245,0,0.5537458943103597,-0.5928379973005777
WingCAD fine,0.245,0,0.5655850003202435,-0.20432055418881445
WingCAD fine,0.245,0,0.5891445560312821,-0.0648955294382978
WingCAD fine,0.245,0,0.6234182999378418,-0.12699288485661886
WingCAD fine,0.245,0,0.6520284030797773,-0.12621320002230418
WingCAD fine,0.245,0,0.6858714512356217,-0.11916119040480842
WingCAD fine,0.245,0,0.7102651288778286,0.026461277602604083
WingCAD fine,0.245,0,0.71225976720792,-0.13676346917773863
WingCAD fine,0.245,0,0.7359491970242469,0.006764151563015463
WingCAD fine,0.245,0,0.7604369140621015,-0.18158690038344827
WingCAD fine,0.245,0,0.7636047138500703,-0.1619612812269675
WingCAD fine,0.245,0,0.782731335339935,0.044600602824322655
WingCAD fine,0.245,0,0.8100305246209264,-0.051984436227723974
WingCAD fine,0.245,0,0.8288936264346751,-0.009261311648209203
WingCAD fine,0.245,0,0.848106533062277,-0.07289285511724808
WingCAD fine,0.245,0,0.8657800458409999,0.04742976957006784
WingCAD fine,0.245,0,0.8815345877710827,-0.13204757473684836
WingCAD fine,0.245,0,0.8996953727388555,-0.13210134095235015
WingCAD fine,0.245,0,0.9114514294026325,0.06304058542117141
WingCAD fine,0.245,0,0.918852666614204,-0.03806903763262115
WingCAD fine,0.245,0,0.934962573540248,-0.04938547890207445
WingCAD fine,0.245,0,0.949057713198088,-0.20675089211973716
WingCAD fine,0.245,0,0.9645945239639167,-0.21769951887436312
WingCAD fine,0.245,0,0.9883580781339535,0.3190537159894945
WingCAD fine,0.245,1,0.00033401621953183175,0.45418573973253584
WingCAD fine,0.245,1,0.009335081966332596,0.45296094216363936
WingCAD fine,0.245,1,0.02084467086994584,0.4619027704758376
WingCAD fine,0.245,1,0.023790246485213513,0.4226713461292564
WingCAD fine,0.245,1,0.03739708331641568,0.3104254437435121
WingCAD fine,0.245,1,0.054420995360181204,0.21614399476048107
WingCAD fine,0.245,1,0.06999967625604477,0.1494032244595953
WingCAD fine,0.245,1,0.08479140066162077,0.04435350498969992
WingCAD fine,0.245,1,0.10413293692084498,0.11652509318885529
WingCAD fine,0.245,1,0.12151501030043806,0.03559608538215986
WingCAD fine,0.245,1,0.1306118102685517,0.053205023819881465
WingCAD fine,0.245,1,0.14882491346710033,-0.03167641800620791
WingCAD fine,0.245,1,0.15972764781538001,0.007249683753238978
WingCAD fine,0.245,1,0.17735328108060494,-0.06511275099475422
WingCAD fine,0.245,1,0.19905046179109617,-0.11605176961561182
WingCAD fine,0.245,1,0.2135735107445436,-0.16765090278509565
WingCAD fine,0.245,1,0.23524365107623624,-0.11350965933414782
WingCAD fine,0.245,1,0.2544523988461171,-0.05014833465013968
WingCAD fine,0.245,1,0.27489225187075433,-0.13679283414032173
WingCAD fine,0.245,1,0.29685259307445505,-0.08979151076919645
WingCAD fine,0.245,1,0.31899247517434287,-0.08868394373559818
WingCAD fine,0.245,1,0.34636349819973045,-0.11940343636254447
WingCAD fine,0.245,1,0.37002882173354945,-0.08233226586849085
WingCAD fine,0.245,1,0.3975246347285588,-0.059141522983883414
WingCAD fine,0.245,1,0.4298522796481441,-0.044630026619751684
WingCAD fine,0.245,1,0.45891927516730474,-0.05372207352380443
WingCAD fine,0.245,1,0.4916667646247845,-0.03492376928332286
WingCAD fine,0.245,1,0.5208336579144763,-0.0372083439137989
WingCAD fine,0.245,1,0.553923034796637,-0.013806984011536683
WingCAD fine,0.245,1,0.5829800167313853,-0.012199895866984889
WingCAD fine,0.245,1,0.6086540130919758,-0.062177024992737584
WingCAD fine,0.245,1,0.637386526267964,-0.011158815776834752
WingCAD fine,0.245,1,0.6612703051402992,0.010745692770947612
WingCAD fine,0.245,1,0.6851320112051092,-0.005784615937622695
WingCAD fine,0.245,1,0.7080100727413249,0.031761151833059276
WingCAD fine,0.245,1,0.7294546640767147,-0.06279765082879818
WingCAD fine,0.245,1,0.7510305349368686,0.0003479379086313017
WingCAD fine,0.245,1,0.7672730414869594,-0.0553709573897072
WingCAD fine,0.245,1,0.7800310874502927,0.020395444462393608
WingCAD fine,0.245,1,0.7979390308436825,0.05225688498895442
WingCAD fine,0.245,1,0.8083817315127022,0.0644064137029875
WingCAD fine,0.245,1,0.8263169649860872,0.09697690400468573
WingCAD fine,0.245,1,0.846648147379436,-0.0351770980335957
WingCAD fine,0.245,1,0.858360370418223,0.007514391422408729
WingCAD fine,0.245,1,0.8746108821246652,0.01583344007177634
WingCAD fine,0.245,1,0.8857882480003649,-0.11188624892339694
WingCAD fine,0.245,1,0.9016807611420652,0.08297849300125204
WingCAD fine,0.245,1,0.9173416635011423,0.1266029338701009
WingCAD fine,0.245,1,0.9242567006220347,0.06886614811186953
WingCAD fine,0.245,1,0.9394570017811803,0.16190807683967534
WingCAD fine,0.245,1,0.9532438569570768,-0.19518090551422018
WingCAD fine,0.245,1,0.967536150842415,-0.1687983877225243
WingCAD fine,0.245,1,0.9890005126569128,0.3190537159894945
FLOWPanel reference,0.51,0,0.0002546738588337354,-0.33517385305050196
FLOWPanel reference,0.51,0,0.0015189259504203461,-0.24338464524628778
FLOWPanel reference,0.51,0,0.003378989578025264,-0.3047200572288078
FLOWPanel reference,0.51,0,0.0076009695811116735,-0.553710848377009
FLOWPanel reference,0.51,0,0.012806507559999139,-0.7111270834174539
FLOWPanel reference,0.51,0,0.021911066536035754,-0.6367385233118068
FLOWPanel reference,0.51,0,0.03186613390104865,-0.7046518444308514
FLOWPanel reference,0.51,0,0.045192787027613014,-0.5782939543334042
FLOWPanel reference,0.51,0,0.05931546205278925,-0.6474649170752422
FLOWPanel reference,0.51,0,0.0765937274684043,-0.5365303856686141
FLOWPanel reference,0.51,0,0.09466099369384649,-0.6060368572895223
FLOWPanel reference,0.51,0,0.11585601730621792,-0.486766688876914
FLOWPanel reference,0.51,0,0.13781751636536327,-0.5329944457375844
FLOWPanel reference,0.51,0,0.16281747775646813,-0.48175160433633507
FLOWPanel reference,0.51,0,0.1885824588543038,-0.4990163674071284
FLOWPanel reference,0.51,0,0.21738013143872387,-0.4843470633810236
FLOWPanel reference,0.51,0,0.24677425787416676,-0.4729854128154025
FLOWPanel reference,0.51,0,0.2785328469505387,-0.4453787107051868
FLOWPanel reference,0.51,0,0.3102929054980139,-0.42155610374518293
FLOWPanel reference,0.51,0,0.3420587893235376,-0.3890298298076569
FLOWPanel reference,0.51,0,0.3738187858049125,-0.3539663425847295
FLOWPanel reference,0.51,0,0.40555544367380275,-0.3266637748869532
FLOWPanel reference,0.51,0,0.43728433554261625,-0.28783741110710004
FLOWPanel reference,0.51,0,0.4689824414302181,-0.2684177740718652
FLOWPanel reference,0.51,0,0.5006730426061385,-0.2258033761070288
FLOWPanel reference,0.51,0,0.5323338936004282,-0.21539630836986423
FLOWPanel reference,0.51,0,0.5639885176444185,-0.16707725403992435
FLOWPanel reference,0.51,0,0.5956184568090579,-0.1673833136828058
FLOWPanel reference,0.51,0,0.6272439191148772,-0.11092991054418411
FLOWPanel reference,0.51,0,0.6588516342548251,-0.1237466935040439
FLOWPanel reference,0.51,0,0.6904566608680208,-0.05617956268103375
FLOWPanel reference,0.51,0,0.7220510296221836,-0.08362515463374343
FLOWPanel reference,0.51,0,0.7530657833943992,-0.011616503225134522
FLOWPanel reference,0.51,0,0.7817828271785155,-0.05483618609022689
FLOWPanel reference,0.51,0,0.8097560017821086,0.019982792797470617
FLOWPanel reference,0.51,0,0.8347803298252006,-0.032892445171742946
FLOWPanel reference,0.51,0,0.8590610925915307,0.038254408728010336
FLOWPanel reference,0.51,0,0.8803942135327991,-0.01448202764842299
FLOWPanel reference,0.51,0,0.9009837265442996,0.04572629985067078
FLOWPanel reference,0.51,0,0.9186254286456758,0.002913885467520805
FLOWPanel reference,0.51,0,0.9355233968502129,0.05317136299712455
FLOWPanel reference,0.51,0,0.9494730547859005,0.021495813236993344
FLOWPanel reference,0.51,0,0.9626788891981722,0.07147783017776554
FLOWPanel reference,0.51,0,0.972936058043874,0.04131033842861964
FLOWPanel reference,0.51,0,0.9824493753435437,0.10317197917348075
FLOWPanel reference,0.51,0,0.989013915989374,0.06604934904485693
FLOWPanel reference,0.51,0,0.9948346146264095,0.2877032407096832
FLOWPanel reference,0.51,0,0.997706574417125,0.2877032407096832
FLOWPanel reference,0.51,1,0.0010095782327522065,0.09739811579340507
FLOWPanel reference,0.51,1,0.0022738303243385943,0.2894170849612764
FLOWPanel reference,0.51,1,0.005899998791406696,0.38466815937004717
FLOWPanel reference,0.51,1,0.010121978794493105,0.4543616914510407
FLOWPanel reference,0.51,1,0.01824297979472866,0.40345048695906394
FLOWPanel reference,0.51,1,0.027347538770765054,0.34772296402255054
FLOWPanel reference,0.51,1,0.03982368350835292,0.297084604999003
FLOWPanel reference,0.51,1,0.05315033663491751,0.21672191058202028
FLOWPanel reference,0.51,1,0.0696325801519209,0.21210488565658545
FLOWPanel reference,0.51,1,0.08691084556753573,0.11382058039876541
FLOWPanel reference,0.51,1,0.1073168683700798,0.13807327937310332
FLOWPanel reference,0.51,1,0.12851189198245122,0.05426666972420669
FLOWPanel reference,0.51,1,0.15274537792678264,0.07478776842221557
FLOWPanel reference,0.51,1,0.17774533931788752,0.012089689426565187
FLOWPanel reference,0.51,1,0.20577799219557727,0.010473027215470831
FLOWPanel reference,0.51,1,0.23457566477999736,-0.028629181228797984
FLOWPanel reference,0.51,1,0.26573780000534647,-0.0354821580439133
FLOWPanel reference,0.51,1,0.2974963890817184,-0.05159594760374797
FLOWPanel reference,0.51,1,0.32926080343613906,-0.05859558444632951
FLOWPanel reference,0.51,1,0.36102668726166276,-0.06103379025697731
FLOWPanel reference,0.51,1,0.3927692324747018,-0.057919776680177344
FLOWPanel reference,0.51,1,0.4245058903435918,-0.05213587114681073
FLOWPanel reference,0.51,1,0.45621176223127075,-0.04680619825272059
FLOWPanel reference,0.51,1,0.4879098681188728,-0.03520332032868678
FLOWPanel reference,0.51,1,0.5195782238248441,-0.03134542838465615
FLOWPanel reference,0.51,1,0.5512390748191339,-0.013567510320329657
FLOWPanel reference,0.51,1,0.5828752409340731,-0.013815118168816198
FLOWPanel reference,0.51,1,0.6145051800987128,0.0117682962248008
FLOWPanel reference,0.51,1,0.6461173720974805,0.004613989567688881
FLOWPanel reference,0.51,1,0.6777250872374282,0.04138811109651086
FLOWPanel reference,0.51,1,0.709322144518343,0.024258381752356284
FLOWPanel reference,0.51,1,0.7409165132725057,0.07557425364937898
FLOWPanel reference,0.51,1,0.7702131720385689,0.032312974325207855
FLOWPanel reference,0.51,1,0.7989302158226853,0.0974015596768446
FLOWPanel reference,0.51,1,0.8246984130463011,0.036378383697023176
FLOWPanel reference,0.51,1,0.8497227410893927,0.11159446100210113
FLOWPanel reference,0.51,1,0.8717994273074225,0.04113267611423166
FLOWPanel reference,0.51,1,0.8931325482486904,0.11758983240244425
FLOWPanel reference,0.51,1,0.9115178582798327,0.04777477688177212
FLOWPanel reference,0.51,1,0.9291595603812088,0.11597022708850446
FLOWPanel reference,0.51,1,0.943852952213734,0.05749226846691158
FLOWPanel reference,0.51,1,0.9578026101494216,0.11563116671602236
FLOWPanel reference,0.51,1,0.9688036025185388,0.07300691972227269
FLOWPanel reference,0.51,1,0.9790607713642401,0.12056934201735536
FLOWPanel reference,0.51,1,0.9863691635561019,0.09850646139159203
FLOWPanel reference,0.51,1,0.9929337042019323,0.13415294594167648
FLOWPanel reference,0.51,1,0.9965495060014424,0.2877032407096832
FLOWPanel reference,0.51,1,0.9994214657921583,0.2877032407096832
WingCAD coarse,0.51,0,0.0008774877388276938,-0.2680038558996718
WingCAD coarse,0.51,0,0.007721854114364012,-0.5313546177916719
WingCAD coarse,0.51,0,0.036068414405932385,-0.2653905825751981
WingCAD coarse,0.51,0,0.06168235074405949,-0.5273684138556392
WingCAD coarse,0.51,0,0.09335501139468634,-0.7421979478530225
WingCAD coarse,0.51,0,0.13692676166745424,-0.4435194997430623
WingCAD coarse,0.51,0,0.16694560962656338,-0.869668205450556
WingCAD coarse,0.51,0,0.19486573326192896,-0.5728002481179228
WingCAD coarse,0.51,0,0.2342490127675762,-0.4514970677751225
WingCAD coarse,0.51,0,0.27993986281686695,-0.5241034365264023
WingCAD coarse,0.51,0,0.345943833878182,-0.27587075067290634
WingCAD coarse,0.51,0,0.4003684830896004,-0.24590121876652193
WingCAD coarse,0.51,0,0.4286115985812944,-0.17632549734972502
WingCAD coarse,0.51,0,0.48587604502664417,-0.2638395593374552
WingCAD coarse,0.51,0,0.5384713187365806,-0.1462918469497232
WingCAD coarse,0.51,0,0.5916119331843112,-0.1651262462480445
WingCAD coarse,0.51,0,0.6614172222062237,-0.163745031124934
WingCAD coarse,0.51,0,0.7110243738626805,0.0575135091372223
WingCAD coarse,0.51,0,0.7652636975354477,-0.11097979790181212
WingCAD coarse,0.51,0,0.812116937101561,-0.036257022481670065
WingCAD coarse,0.51,0,0.844898015640087,-0.10199582040254083
WingCAD coarse,0.51,0,0.889672882183519,-0.1274211635389273
WingCAD coarse,0.51,0,0.9236204264670463,-0.4113463517042866
WingCAD coarse,0.51,0,0.9679144319254679,0.24704181300801079
WingCAD coarse,0.51,1,0.0008742029639364019,0.44030700471104395
WingCAD coarse,0.51,1,0.007172477638619064,0.26879743581977567
WingCAD coarse,0.51,1,0.034477802393853535,0.4325055282973186
WingCAD coarse,0.51,1,0.059866336353845494,0.3003688596146037
WingCAD coarse,0.51,1,0.09235143318572087,0.10206417581291305
WingCAD coarse,0.51,1,0.13674880886127938,0.11759837587358725
WingCAD coarse,0.51,1,0.1670978896007726,-0.07266505031521878
WingCAD coarse,0.51,1,0.19495648800886767,-0.10532836608793361
WingCAD coarse,0.51,1,0.23433912086974118,-0.023612037791195695
WingCAD coarse,0.51,1,0.28003585929705405,-0.17104564193902894
WingCAD coarse,0.51,1,0.3462782946827942,-0.009558449978268602
WingCAD coarse,0.51,1,0.40105299016605744,-0.021880221072530404
WingCAD coarse,0.51,1,0.4291606158576621,-0.030102924992243988
WingCAD coarse,0.51,1,0.4865377748180145,-0.036349715899210544
WingCAD coarse,0.51,1,0.5374851036468433,-0.01582378396495243
WingCAD coarse,0.51,1,0.593097678702656,-0.0042832339449745405
WingCAD coarse,0.51,1,0.669855233593611,-0.01943375174883899
WingCAD coarse,0.51,1,0.7144696312734258,0.047205435359851
WingCAD coarse,0.51,1,0.7430629289687872,-0.04836782143257312
WingCAD coarse,0.51,1,0.7813914213237845,0.062102111357115186
WingCAD coarse,0.51,1,0.8092037270669081,-0.04641008419551196
WingCAD coarse,0.51,1,0.8427115078379503,0.0024287586054274612
WingCAD coarse,0.51,1,0.889430535937658,-0.0738662431924797
WingCAD coarse,0.51,1,0.9234182192330119,-0.36541101321540803
WingCAD coarse,0.51,1,0.9678423047462882,0.3364079263745114
WingCAD medium,0.51,0,0.014038715429231333,-0.25364081109351755
WingCAD medium,0.51,0,0.0333761825036997,-0.5243223405191109
WingCAD medium,0.51,0,0.05264447753244113,0.05548817152027035
WingCAD medium,0.51,0,0.08195087076973288,-0.5925530096166685
WingCAD medium,0.51,0,0.10328964854518734,-0.9288591271674915
WingCAD medium,0.51,0,0.11596742221785523,-0.5524069197010717
WingCAD medium,0.51,0,0.14157623858255156,-0.48239366654879934
WingCAD medium,0.51,0,0.17188626672794594,-0.3402368757713039
WingCAD medium,0.51,0,0.19866635959955412,-0.6234019707787104
WingCAD medium,0.51,0,0.23077897819028992,0.03747732832773471
WingCAD medium,0.51,0,0.26419488120589385,-0.41470754459097375
WingCAD medium,0.51,0,0.3176563098600891,-0.3829676714551853
WingCAD medium,0.51,0,0.3554925663678206,-0.3319498260318934
WingCAD medium,0.51,0,0.3592986246525003,-0.26445852236928014
WingCAD medium,0.51,0,0.4013952143066358,-0.35067886236796797
WingCAD medium,0.51,0,0.4555534184164609,-0.2755689817682758
WingCAD medium,0.51,0,0.49606185976962014,-0.2086749062627693
WingCAD medium,0.51,0,0.5553602400492808,-0.17369944764869283
WingCAD medium,0.51,0,0.5949121018532018,-0.10585919300434311
WingCAD medium,0.51,0,0.606843755594113,-0.13613838778162757
WingCAD medium,0.51,0,0.6399824589129061,-0.1414443380351036
WingCAD medium,0.51,0,0.6919700438018234,-0.26562359192134877
WingCAD medium,0.51,0,0.7181996835345712,-0.013545642669492207
WingCAD medium,0.51,0,0.7203702636459932,-0.3084276888372093
WingCAD medium,0.51,0,0.7294709321141419,0.10908407241765693
WingCAD medium,0.51,0,0.7633274534814946,-0.08110663267392892
WingCAD medium,0.51,0,0.7925641644948711,-0.011836276769082499
WingCAD medium,0.51,0,0.8169497213307755,-0.05418072144129704
WingCAD medium,0.51,0,0.8524412787849383,-0.09589684080338867
WingCAD medium,0.51,0,0.8757365587681812,0.15731334249356232
WingCAD medium,0.51,0,0.897355892894002,-0.15614077579219576
WingCAD medium,0.51,0,0.9248022833022328,-0.0903356865991507
WingCAD medium,0.51,0,0.9436659949925381,-0.3315260030174123
WingCAD medium,0.51,0,0.9581415550285195,0.44073542793658876
WingCAD medium,0.51,0,0.9793490872734111,-0.355632536001945
WingCAD medium,0.51,0,0.9953316078525399,0.3897216740929338
WingCAD medium,0.51,1,0.018219857465442173,0.48533831825928964
WingCAD medium,0.51,1,0.03769849479744189,0.3741014067906677
WingCAD medium,0.51,1,0.05859494440836807,0.2250484341969069
WingCAD medium,0.51,1,0.08653797811465809,0.1887166711956083
WingCAD medium,0.51,1,0.10647741829040151,-0.06082879306810707
WingCAD medium,0.51,1,0.14025362222484591,-0.027394700870672306
WingCAD medium,0.51,1,0.16484342191800136,0.04338058825251678
WingCAD medium,0.51,1,0.16863552309345362,0.2638744542884534
WingCAD medium,0.51,1,0.19704399628231942,-0.013007702094743667
WingCAD medium,0.51,1,0.23762006144563513,-0.045519600079980904
WingCAD medium,0.51,1,0.2682532635221555,-0.06191873352666
WingCAD medium,0.51,1,0.314040890395806,-0.06573260150638416
WingCAD medium,0.51,1,0.35357041180569637,-0.023187277231223824
WingCAD medium,0.51,1,0.39515835433198176,-0.09529471394603295
WingCAD medium,0.51,1,0.4402917905412348,-0.055033784555190035
WingCAD medium,0.51,1,0.49101571470232735,0.0013679934610378863
WingCAD medium,0.51,1,0.5359810049443692,-0.01694061485478149
WingCAD medium,0.51,1,0.5836395479382039,-0.023044061011356698
WingCAD medium,0.51,1,0.6272340866148614,0.015174840181369274
WingCAD medium,0.51,1,0.663019423050323,0.05511979865701233
WingCAD medium,0.51,1,0.7028327490404338,0.00728828446849783
WingCAD medium,0.51,1,0.7127201612862698,0.03647191064606714
WingCAD medium,0.51,1,0.746009796125572,0.017199926477794225
WingCAD medium,0.51,1,0.7876641346365114,-0.006160044746971627
WingCAD medium,0.51,1,0.8209555973415126,0.04450801849209052
WingCAD medium,0.51,1,0.8541443277329459,-0.02926942598471327
WingCAD medium,0.51,1,0.8774120906903526,0.11392192663050926
WingCAD medium,0.51,1,0.9018709060409016,-0.09380209324270883
WingCAD medium,0.51,1,0.9263948547958992,-0.27819435452262664
WingCAD medium,0.51,1,0.943469062779941,-0.2526190315572723
WingCAD medium,0.51,1,0.9542250811834992,0.44073542793658876
WingCAD medium,0.51,1,0.975949372507526,-0.49838559187816545
WingCAD medium,0.51,1,0.9950972101086634,0.3897216740929338
WingCAD fine,0.51,0,0.010643167081201515,-0.23760010549892516
WingCAD fine,0.51,0,0.02233986060851945,-0.46858039322589007
WingCAD fine,0.51,0,0.03592495632262851,-0.6772465265152849
WingCAD fine,0.51,0,0.054764329902573586,-0.7683229421436895
WingCAD fine,0.51,0,0.07182489195578097,-0.5823905675403802
WingCAD fine,0.51,0,0.086724953741614,-0.846891398039056
WingCAD fine,0.51,0,0.10692991772318611,-0.5743005763410065
WingCAD fine,0.51,0,0.12343123001297537,-0.6415832595951039
WingCAD fine,0.51,0,0.12488937879222563,-0.47776217406667243
WingCAD fine,0.51,0,0.1426539290453193,-0.6009074340872576
WingCAD fine,0.51,0,0.16672248023238995,-0.5546867827676207
WingCAD fine,0.51,0,0.1859755150441017,-0.4992357012608919
WingCAD fine,0.51,0,0.20879858983323826,-0.4327626868292314
WingCAD fine,0.51,0,0.22543373787179857,-0.6849595212432631
WingCAD fine,0.51,0,0.23480829903971712,-0.6070929924522437
WingCAD fine,0.51,0,0.26168564479753537,-0.4067041031888949
WingCAD fine,0.51,0,0.28689720012930925,-0.5105917244703344
WingCAD fine,0.51,0,0.299341989022897,-0.36562021475846285
WingCAD fine,0.51,0,0.3243593888728733,-0.281885416487178
WingCAD fine,0.51,0,0.34219873845308646,-0.49439579625349106
WingCAD fine,0.51,0,0.36536964369435876,-0.5438709735808611
WingCAD fine,0.51,0,0.39475639659130685,-0.2572190717893226
WingCAD fine,0.51,0,0.426374741462812,-0.24587412157342328
WingCAD fine,0.51,0,0.4615703815461942,-0.19994918700866804
WingCAD fine,0.51,0,0.49285820891195453,-0.23506004524339152
WingCAD fine,0.51,0,0.5295579042181485,-0.2484430976948293
WingCAD fine,0.51,0,0.5575336964685712,-0.16905631331688942
WingCAD fine,0.51,0,0.5874483536833193,-0.19333723756041898
WingCAD fine,0.51,0,0.6143341557037181,-0.13792853651155101
WingCAD fine,0.51,0,0.6439747662353928,-0.15266376196721798
WingCAD fine,0.51,0,0.6691485914470209,-0.08722418538664622
WingCAD fine,0.51,0,0.6956408691755123,-0.11600703965832504
WingCAD fine,0.51,0,0.7202842906465164,-0.08741291459891154
WingCAD fine,0.51,0,0.7216511765490986,-0.07767812857467948
WingCAD fine,0.51,0,0.7435250396030154,-0.03749563983519466
WingCAD fine,0.51,0,0.7661459847451263,-0.06457209384443141
WingCAD fine,0.51,0,0.7857675131925437,-0.03892943668958648
WingCAD fine,0.51,0,0.8065500163736586,-0.027520147002391138
WingCAD fine,0.51,0,0.8247691544958634,-0.01846537998480602
WingCAD fine,0.51,0,0.8441077876565672,0.0566847187249333
WingCAD fine,0.51,0,0.8593159581058774,-0.03883467815683672
WingCAD fine,0.51,0,0.8778490051721115,-0.04089056513915201
WingCAD fine,0.51,0,0.8923416704470417,0.045748191164884155
WingCAD fine,0.51,0,0.9137125114407149,0.049627208278824275
WingCAD fine,0.51,0,0.929280691238773,0.05777713775990301
WingCAD fine,0.51,0,0.9335166358328212,0.09645936583123615
WingCAD fine,0.51,0,0.9493591507196186,0.17047511511293278
WingCAD fine,0.51,0,0.9652455706111482,-0.5949374080290599
WingCAD fine,0.51,0,0.9808153842542815,0.46299013428757074
WingCAD fine,0.51,0,0.9958355991629093,-0.3115586084803086
WingCAD fine,0.51,0,0.9992367271199433,0.15788911133802444
WingCAD fine,0.51,1,0.009927724638010338,0.45788717679240953
WingCAD fine,0.51,1,0.02125552802244242,0.4684516109181614
WingCAD fine,0.51,1,0.0351975767276826,0.35888371225004545
WingCAD fine,0.51,1,0.051407967437589554,0.16884912109139327
WingCAD fine,0.51,1,0.0655355414551768,0.19915018704101695
WingCAD fine,0.51,1,0.07742666218491752,0.05750883437464005
WingCAD fine,0.51,1,0.09463051148333865,0.15294251436392703
WingCAD fine,0.51,1,0.11085472603920479,0.054328284094999124
WingCAD fine,0.51,1,0.11341935077626153,0.15287005602301607
WingCAD fine,0.51,1,0.13110666976391797,-0.004344002694494975
WingCAD fine,0.51,1,0.1517263431008095,0.0797467134427835
WingCAD fine,0.51,1,0.16568258643865924,-0.10992100571028529
WingCAD fine,0.51,1,0.18188575565304038,-0.14853093775422588
WingCAD fine,0.51,1,0.20083047516625108,0.03683525123217768
WingCAD fine,0.51,1,0.22158269087844124,-0.08636739333954924
WingCAD fine,0.51,1,0.24439841805423876,-0.03389605581371047
WingCAD fine,0.51,1,0.2651250955292525,-0.07155365536142444
WingCAD fine,0.51,1,0.2849794259494122,-0.18572579050708105
WingCAD fine,0.51,1,0.3007999566266413,-0.04622493876626388
WingCAD fine,0.51,1,0.31886981955246957,-0.35402441475967183
WingCAD fine,0.51,1,0.3418687197484973,0.00447638522315541
WingCAD fine,0.51,1,0.3683248042708735,-0.10365540474823276
WingCAD fine,0.51,1,0.40205152706753905,-0.05816081911136295
WingCAD fine,0.51,1,0.4315557168232568,-0.026300729908191434
WingCAD fine,0.51,1,0.463618786876546,-0.050033453567357444
WingCAD fine,0.51,1,0.4915839904815394,-0.04807535464294088
WingCAD fine,0.51,1,0.5232739347668973,-0.022606919297101236
WingCAD fine,0.51,1,0.5524328068148382,-0.007766902626146877
WingCAD fine,0.51,1,0.5829401233654703,-0.04316841692565143
WingCAD fine,0.51,1,0.6087068950404222,0.04609493677839538
WingCAD fine,0.51,1,0.6253310351015526,-0.11190230466634699
WingCAD fine,0.51,1,0.6464532448388628,0.015078434273121721
WingCAD fine,0.51,1,0.655578768697256,0.013236843990561466
WingCAD fine,0.51,1,0.6704391107566442,-0.15409737703950377
WingCAD fine,0.51,1,0.6977487747609592,0.03300754625154878
WingCAD fine,0.51,1,0.7200590800771512,0.04519019340002728
WingCAD fine,0.51,1,0.7470064164975394,0.0010489364110568555
WingCAD fine,0.51,1,0.7681247151579615,0.07830667306146166
WingCAD fine,0.51,1,0.7894051280214986,-0.06262599016983716
WingCAD fine,0.51,1,0.8085476887336798,0.012891950364781302
WingCAD fine,0.51,1,0.8229449255435564,0.09763275959914886
WingCAD fine,0.51,1,0.8448679099767884,-0.03410925684518529
WingCAD fine,0.51,1,0.8640066243864944,0.06914596620999991
WingCAD fine,0.51,1,0.881096336974868,0.035475574460550274
WingCAD fine,0.51,1,0.899491115523099,0.07292270760756836
WingCAD fine,0.51,1,0.9156556388064573,0.02533544349358985
WingCAD fine,0.51,1,0.9251646772872267,-0.04414520158529189
WingCAD fine,0.51,1,0.937204573304724,0.2247768169311114
WingCAD fine,0.51,1,0.9528420759203382,-0.1397101533538625
WingCAD fine,0.51,1,0.9661901644057563,-0.2680458299379236
WingCAD fine,0.51,1,0.9815707442203427,0.3954838218213273
WingCAD fine,0.51,1,0.995768969466882,-0.5721457592989001
WingCAD fine,0.51,1,0.99914999988635,0.3857825316445994
