case,2y/b,cl,cd
FLOWPanel reference,-0.9666666670684022,0.1452769526978305,-0.004159276776926462
FLOWPanel reference,-0.9,0.22162625904531716,0.0008103866523385042
FLOWPanel reference,-0.8333333333333333,0.2618174524633525,0.0036606539934066285
FLOWPanel reference,-0.7666666666666666,0.28253646610413763,0.00506299242408786
FLOWPanel reference,-0.7,0.29314099530031673,0.005533668301188049
FLOWPanel reference,-0.6333333333333333,0.2986455767078602,0.005639139822849415
FLOWPanel reference,-0.5666666666666667,0.30031129165296777,0.005878330950056355
FLOWPanel reference,-0.5,0.2965540171231649,0.006922182740543136
FLOWPanel reference,-0.43333333333333335,0.29597787035034195,0.006676666110475965
FLOWPanel reference,-0.36666666666666664,0.29663392872158806,0.006061328148883102
FLOWPanel reference,-0.3,0.28609784927409654,0.008074834440602151
FLOWPanel reference,-0.23333333333333334,0.283351927403905,0.008295683996694884
FLOWPanel reference,-0.16666666666666669,0.28027105021593923,0.008626681384532256
FLOWPanel reference,-0.10000000000000002,0.26590100226145014,0.014774287601202455
FLOWPanel reference,-0.03333333333333334,0.2652691036882041,0.017110986849644926
FLOWPanel reference,0.03333333333333334,0.26526910368820433,0.01711098684964508
FLOWPanel reference,0.10000000000000002,0.2659010022614498,0.014774287601203154
FLOWPanel reference,0.16666666666666669,0.28027105021593945,0.008626681384531869
FLOWPanel reference,0.23333333333333336,0.28335192740390763,0.008295683996694638
FLOWPanel reference,0.30000000000000004,0.2860978492740965,0.008074834440601949
FLOWPanel reference,0.36666666666666675,0.29663392872158806,0.0060613281488826
FLOWPanel reference,0.4333333333333334,0.29597787035034345,0.006676666110475844
FLOWPanel reference,0.5000000000000001,0.296554017123167,0.006922182740543092
FLOWPanel reference,0.5666666666666667,0.3003112916529666,0.00587833095005602
FLOWPanel reference,0.6333333333333333,0.2986455767078625,0.005639139822848766
FLOWPanel reference,0.7,0.2931409953003164,0.005533668301187421
FLOWPanel reference,0.7666666666666666,0.28253646610413713,0.005062992424087269
FLOWPanel reference,0.8333333333333333,0.2618174524633525,0.0036606539934062334
FLOWPanel reference,0.9,0.22162625904531932,0.0008103866523385546
FLOWPanel reference,0.9666666670684022,0.14527695269782992,-0.0041592767769266185
WingCAD coarse,-0.9666666670684022,0.1071569203701626,0.004235724847110874
WingCAD coarse,-0.9,0.16122552198729104,0.0054654839498210536
WingCAD coarse,-0.8333333333333333,0.1867432926253189,0.00518952293198791
WingCAD coarse,-0.7666666666666666,0.20862721994645791,0.011427928934399905
WingCAD coarse,-0.7,0.2313995087305609,0.012203795212472125
WingCAD coarse,-0.6333333333333333,0.23737070551047817,0.010179498116085123
WingCAD coarse,-0.5666666666666667,0.2644348519364833,0.011474194133245824
WingCAD coarse,-0.5,0.2665539671478747,0.011082971111455531
WingCAD coarse,-0.43333333333333335,0.24725221895204283,0.00915466144819267
WingCAD coarse,-0.36666666666666664,0.2543111007384923,0.014778375175031413
WingCAD coarse,-0.3,0.27056650269120974,0.013215322160243405
WingCAD coarse,-0.23333333333333334,0.24391511687671547,0.008133535264105369
WingCAD coarse,-0.16666666666666669,0.2548162076229549,0.013381728172061206
WingCAD coarse,-0.10000000000000002,0.26206307581828137,0.02071016107842323
WingCAD coarse,-0.03333333333333334,0.243771045415975,0.033520546834616534
WingCAD coarse,0.03333333333333334,0.24269970663656737,0.03569527320909175
WingCAD coarse,0.10000000000000002,0.2649621071500052,0.022403437503772015
WingCAD coarse,0.16666666666666669,0.2687998978835166,0.01382476403383506
WingCAD coarse,0.23333333333333336,0.2704984441185106,0.013421928658799931
WingCAD coarse,0.30000000000000004,0.2373702628062781,0.013976065955174078
WingCAD coarse,0.36666666666666675,0.26907219717792874,0.012848678209417696
WingCAD coarse,0.4333333333333334,0.2493311795181408,0.010877323972447981
WingCAD coarse,0.5000000000000001,0.2605432068307539,0.016293854822230936
WingCAD coarse,0.5666666666666667,0.2539055669062165,0.009700713056178468
WingCAD coarse,0.6333333333333333,0.25924196189698306,0.011694642125407939
WingCAD coarse,0.7,0.2541288926939962,0.013141122970134264
WingCAD coarse,0.7666666666666666,0.2410286824063103,0.009104745280290205
WingCAD coarse,0.8333333333333333,0.20776393836473084,0.009076631660932904
WingCAD coarse,0.9,0.15982641065586842,0.001887778588492225
WingCAD coarse,0.9666666670684022,0.13541291055075746,0.005183450199200965
WingCAD medium,-0.9666666670684022,0.11846018483603968,-0.0013899023815469667
WingCAD medium,-0.9,0.19747746732675275,0.0014421627417873922
WingCAD medium,-0.8333333333333333,0.22149503380373387,0.006192748389996235
WingCAD medium,-0.7666666666666666,0.2538212736184593,0.007333819700437512
WingCAD medium,-0.7,0.24840488630684893,0.007402923991163891
WingCAD medium,-0.6333333333333333,0.2800075298952472,0.009980831666833655
WingCAD medium,-0.5666666666666667,0.27708640412709024,0.010235148874226252
WingCAD medium,-0.5,0.28420021696556935,0.012561855363672783
WingCAD medium,-0.43333333333333335,0.27014575050594397,0.011411915870941881
WingCAD medium,-0.36666666666666664,0.2741309940392046,0.010961382359463211
WingCAD medium,-0.3,0.2607214081870544,0.01043670726821487
WingCAD medium,-0.23333333333333334,0.25915018958118696,0.012252957934208122
WingCAD medium,-0.16666666666666669,0.2528582357922102,0.014669782816372058
WingCAD medium,-0.10000000000000002,0.2363601650756216,0.014849593859707029
WingCAD medium,-0.03333333333333334,0.2421961264862274,0.03261659152903437
WingCAD medium,0.03333333333333334,0.2381775012183124,0.02942133318383535
WingCAD medium,0.10000000000000002,0.26926302971682536,0.018449560101870037
WingCAD medium,0.16666666666666669,0.26316735172955275,0.014626061264600854
WingCAD medium,0.23333333333333336,0.2821105072786654,0.012295529048099137
WingCAD medium,0.30000000000000004,0.28239613091901555,0.011868451054749582
WingCAD medium,0.36666666666666675,0.2858431486555505,0.011071278196423538
WingCAD medium,0.4333333333333334,0.2692012627332475,0.010137487310827512
WingCAD medium,0.5000000000000001,0.27189574981101966,0.012084024184961559
WingCAD medium,0.5666666666666667,0.2816688889935715,0.012264284080393742
WingCAD medium,0.6333333333333333,0.2759439534296697,0.009751869058526794
WingCAD medium,0.7,0.2812721288555254,0.010812913111725135
WingCAD medium,0.7666666666666666,0.25221634784316826,0.0071408415437109645
WingCAD medium,0.8333333333333333,0.24599630678319637,0.00769319924328761
WingCAD medium,0.9,0.20878008529321973,0.0023236230543718806
WingCAD medium,0.9666666670684022,0.12941066118606387,8.189835607865097e-05
WingCAD fine,-0.9666666670684022,0.12418092632892386,-0.0070871767497909365
WingCAD fine,-0.9,0.19604157353637605,0.0011296034827925744
WingCAD fine,-0.8333333333333333,0.241990248316491,0.003200482426137205
WingCAD fine,-0.7666666666666666,0.24850391115067955,0.006333486808358244
WingCAD fine,-0.7,0.2714715264958511,0.00976798835917989
WingCAD fine,-0.6333333333333333,0.2822718709623695,0.008616220604310536
WingCAD fine,-0.5666666666666667,0.2692339740323759,0.010050040831881116
WingCAD fine,-0.5,0.2794999627045986,0.010413988971375548
WingCAD fine,-0.43333333333333335,0.27251867250810236,0.008974015537162743
WingCAD fine,-0.36666666666666664,0.2834212949850635,0.009990892270145527
WingCAD fine,-0.3,0.27137908148444395,0.009428905348558765
WingCAD fine,-0.23333333333333334,0.26136373435916865,0.009917229448855001
WingCAD fine,-0.16666666666666669,0.25227675315687426,0.012230149488673783
WingCAD fine,-0.10000000000000002,0.25219624477405556,0.01521343412777309
WingCAD fine,-0.03333333333333334,0.2500137561945592,0.02980669239374236
WingCAD fine,0.03333333333333334,0.24921903440388027,0.03140417903946749
WingCAD fine,0.10000000000000002,0.24929037025461173,0.015824978643266686
WingCAD fine,0.16666666666666669,0.2545449261641875,0.011057384478443436
WingCAD fine,0.23333333333333336,0.2655164244166849,0.010637446509388198
WingCAD fine,0.30000000000000004,0.2699650415408314,0.011022858219535523
WingCAD fine,0.36666666666666675,0.2876090691970059,0.010724033035227037
WingCAD fine,0.4333333333333334,0.28708109174680574,0.00972287821930034
WingCAD fine,0.5000000000000001,0.2771940760122403,0.00958095713733864
WingCAD fine,0.5666666666666667,0.27809506010619417,0.008854433270284665
WingCAD fine,0.6333333333333333,0.27428577941468196,0.008967025888751886
WingCAD fine,0.7,0.2750348585362021,0.009069846788902537
WingCAD fine,0.7666666666666666,0.24742683180127617,0.005625649537502091
WingCAD fine,0.8333333333333333,0.2394123877455308,0.004209580820496547
WingCAD fine,0.9,0.19992498875123968,-0.0003894980241841585
WingCAD fine,0.9666666670684022,0.11901109239798607,-0.008386906972754675
