case,y_lower_m,y_upper_m,eta,cl,cd
FLOWPanel tutorial,-1.244600001,-1.1616266666666666,-0.9666666670684022,0.1452769526978305,-0.004159276776926462
FLOWPanel tutorial,-1.1616266666666666,-1.0786533333333332,-0.9,0.22162625904531716,0.0008103866523385042
FLOWPanel tutorial,-1.0786533333333332,-0.9956799999999999,-0.8333333333333333,0.2618174524633525,0.0036606539934066285
FLOWPanel tutorial,-0.9956799999999999,-0.9127066666666666,-0.7666666666666666,0.28253646610413763,0.00506299242408786
FLOWPanel tutorial,-0.9127066666666666,-0.8297333333333332,-0.7,0.29314099530031673,0.005533668301188049
FLOWPanel tutorial,-0.8297333333333332,-0.74676,-0.6333333333333333,0.2986455767078602,0.005639139822849415
FLOWPanel tutorial,-0.74676,-0.6637866666666666,-0.5666666666666667,0.30031129165296777,0.005878330950056355
FLOWPanel tutorial,-0.6637866666666666,-0.5808133333333333,-0.5,0.2965540171231649,0.006922182740543136
FLOWPanel tutorial,-0.5808133333333333,-0.49783999999999995,-0.43333333333333335,0.29597787035034195,0.006676666110475965
FLOWPanel tutorial,-0.49783999999999995,-0.4148666666666666,-0.36666666666666664,0.29663392872158806,0.006061328148883102
FLOWPanel tutorial,-0.4148666666666666,-0.33189333333333326,-0.3,0.28609784927409654,0.008074834440602151
FLOWPanel tutorial,-0.33189333333333326,-0.24892000000000003,-0.23333333333333334,0.283351927403905,0.008295683996694884
FLOWPanel tutorial,-0.24892000000000003,-0.1659466666666667,-0.16666666666666669,0.28027105021593923,0.008626681384532256
FLOWPanel tutorial,-0.1659466666666667,-0.08297333333333334,-0.10000000000000002,0.26590100226145014,0.014774287601202455
FLOWPanel tutorial,-0.08297333333333334,0.0,-0.03333333333333334,0.2652691036882041,0.017110986849644926
FLOWPanel tutorial,0.0,0.08297333333333334,0.03333333333333334,0.26526910368820433,0.01711098684964508
FLOWPanel tutorial,0.08297333333333334,0.1659466666666667,0.10000000000000002,0.2659010022614498,0.014774287601203154
FLOWPanel tutorial,0.1659466666666667,0.24892000000000003,0.16666666666666669,0.28027105021593945,0.008626681384531869
FLOWPanel tutorial,0.24892000000000003,0.3318933333333334,0.23333333333333336,0.28335192740390763,0.008295683996694638
FLOWPanel tutorial,0.3318933333333334,0.4148666666666667,0.30000000000000004,0.2860978492740965,0.008074834440601949
FLOWPanel tutorial,0.4148666666666667,0.49784000000000006,0.36666666666666675,0.29663392872158806,0.0060613281488826
FLOWPanel tutorial,0.49784000000000006,0.5808133333333334,0.4333333333333334,0.29597787035034345,0.006676666110475844
FLOWPanel tutorial,0.5808133333333334,0.6637866666666667,0.5000000000000001,0.296554017123167,0.006922182740543092
FLOWPanel tutorial,0.6637866666666667,0.7467599999999999,0.5666666666666667,0.3003112916529666,0.00587833095005602
FLOWPanel tutorial,0.7467599999999999,0.8297333333333332,0.6333333333333333,0.2986455767078625,0.005639139822848766
FLOWPanel tutorial,0.8297333333333332,0.9127066666666666,0.7,0.2931409953003164,0.005533668301187421
FLOWPanel tutorial,0.9127066666666666,0.9956799999999999,0.7666666666666666,0.28253646610413713,0.005062992424087269
FLOWPanel tutorial,0.9956799999999999,1.0786533333333332,0.8333333333333333,0.2618174524633525,0.0036606539934062334
FLOWPanel tutorial,1.0786533333333332,1.1616266666666666,0.9,0.22162625904531932,0.0008103866523385546
FLOWPanel tutorial,1.1616266666666666,1.244600001,0.9666666670684022,0.14527695269782992,-0.0041592767769266185
FLOWPanel refined 1,-1.244600001,-1.1616266666666666,-0.9666666670684022,0.1436956459250302,-0.011160309255104955
FLOWPanel refined 1,-1.1616266666666666,-1.0786533333333332,-0.9,0.2186444542694913,-0.0005558163100951204
FLOWPanel refined 1,-1.0786533333333332,-0.9956799999999999,-0.8333333333333333,0.26003377886232526,0.0030611052240397756
FLOWPanel refined 1,-0.9956799999999999,-0.9127066666666666,-0.7666666666666666,0.28257271828112995,0.0046800780703033385
FLOWPanel refined 1,-0.9127066666666666,-0.8297333333333332,-0.7,0.2928590989153457,0.006257361009622844
FLOWPanel refined 1,-0.8297333333333332,-0.74676,-0.6333333333333333,0.29923561247351127,0.0059516449994664496
FLOWPanel refined 1,-0.74676,-0.6637866666666666,-0.5666666666666667,0.29992236868638256,0.006574105306288509
FLOWPanel refined 1,-0.6637866666666666,-0.5808133333333333,-0.5,0.2989936104347614,0.006862390372835859
FLOWPanel refined 1,-0.5808133333333333,-0.49783999999999995,-0.43333333333333335,0.29724870627776817,0.006913800268357604
FLOWPanel refined 1,-0.49783999999999995,-0.4148666666666666,-0.36666666666666664,0.29406464307554686,0.007136581421195143
FLOWPanel refined 1,-0.4148666666666666,-0.33189333333333326,-0.3,0.2896860665473214,0.007552403241519604
FLOWPanel refined 1,-0.33189333333333326,-0.24892000000000003,-0.23333333333333334,0.28426144267911524,0.008257576296794186
FLOWPanel refined 1,-0.24892000000000003,-0.1659466666666667,-0.16666666666666669,0.2778901290068831,0.009496558821713819
FLOWPanel refined 1,-0.1659466666666667,-0.08297333333333334,-0.10000000000000002,0.2708175433643148,0.012237525051194327
FLOWPanel refined 1,-0.08297333333333334,0.0,-0.03333333333333334,0.261544308811767,0.020683817321839798
FLOWPanel refined 1,0.0,0.08297333333333334,0.03333333333333334,0.2615443088117742,0.020683817321838677
FLOWPanel refined 1,0.08297333333333334,0.1659466666666667,0.10000000000000002,0.27081754336432007,0.012237525051191597
FLOWPanel refined 1,0.1659466666666667,0.24892000000000003,0.16666666666666669,0.27789012900688065,0.009496558821713403
FLOWPanel refined 1,0.24892000000000003,0.3318933333333334,0.23333333333333336,0.2842614426791168,0.008257576296793604
FLOWPanel refined 1,0.3318933333333334,0.4148666666666667,0.30000000000000004,0.289686066547318,0.007552403241519864
FLOWPanel refined 1,0.4148666666666667,0.49784000000000006,0.36666666666666675,0.29406464307554414,0.007136581421196761
FLOWPanel refined 1,0.49784000000000006,0.5808133333333334,0.4333333333333334,0.2972487062777666,0.006913800268358555
FLOWPanel refined 1,0.5808133333333334,0.6637866666666667,0.5000000000000001,0.2989936104347585,0.006862390372836016
FLOWPanel refined 1,0.6637866666666667,0.7467599999999999,0.5666666666666667,0.2999223686863805,0.006574105306289471
FLOWPanel refined 1,0.7467599999999999,0.8297333333333332,0.6333333333333333,0.29923561247350894,0.005951644999467319
FLOWPanel refined 1,0.8297333333333332,0.9127066666666666,0.7,0.29285909891534717,0.0062573610096243485
FLOWPanel refined 1,0.9127066666666666,0.9956799999999999,0.7666666666666666,0.282572718281132,0.004680078070303783
FLOWPanel refined 1,0.9956799999999999,1.0786533333333332,0.8333333333333333,0.2600337788623261,0.0030611052240395844
FLOWPanel refined 1,1.0786533333333332,1.1616266666666666,0.9,0.2186444542694924,-0.0005558163100948307
FLOWPanel refined 1,1.1616266666666666,1.244600001,0.9666666670684022,0.14369564592503067,-0.011160309255104998
FLOWPanel refined 2,-1.244600001,-1.1616266666666666,-0.9666666670684022,0.14352798266417524,-0.01696059770979348
FLOWPanel refined 2,-1.1616266666666666,-1.0786533333333332,-0.9,0.21585703467976475,-0.0022128599168613834
FLOWPanel refined 2,-1.0786533333333332,-0.9956799999999999,-0.8333333333333333,0.25778128043306753,0.0021446907265825904
FLOWPanel refined 2,-0.9956799999999999,-0.9127066666666666,-0.7666666666666666,0.2806781415961313,0.004431918115159747
FLOWPanel refined 2,-0.9127066666666666,-0.8297333333333332,-0.7,0.2923646768222423,0.00567148905215662
FLOWPanel refined 2,-0.8297333333333332,-0.74676,-0.6333333333333333,0.2979683905904653,0.006126690340498609
FLOWPanel refined 2,-0.74676,-0.6637866666666666,-0.5666666666666667,0.29998137956949134,0.0063584780562748345
FLOWPanel refined 2,-0.6637866666666666,-0.5808133333333333,-0.5,0.3001303427176369,0.0063483918790124255
FLOWPanel refined 2,-0.5808133333333333,-0.49783999999999995,-0.43333333333333335,0.2971135812981843,0.007008615432737142
FLOWPanel refined 2,-0.49783999999999995,-0.4148666666666666,-0.36666666666666664,0.29453334750699334,0.007007051845194132
FLOWPanel refined 2,-0.4148666666666666,-0.33189333333333326,-0.3,0.2898851400810628,0.0075280429400070865
FLOWPanel refined 2,-0.33189333333333326,-0.24892000000000003,-0.23333333333333334,0.2850219652334558,0.007947651493215725
FLOWPanel refined 2,-0.24892000000000003,-0.1659466666666667,-0.16666666666666669,0.27679529550584253,0.009923780024392531
FLOWPanel refined 2,-0.1659466666666667,-0.08297333333333334,-0.10000000000000002,0.2698085764297172,0.012181275706598702
FLOWPanel refined 2,-0.08297333333333334,0.0,-0.03333333333333334,0.26074108547943486,0.02446800654652804
FLOWPanel refined 2,0.0,0.08297333333333334,0.03333333333333334,0.2607410854794332,0.024468006546524507
FLOWPanel refined 2,0.08297333333333334,0.1659466666666667,0.10000000000000002,0.2698085764296966,0.012181275706597671
FLOWPanel refined 2,0.1659466666666667,0.24892000000000003,0.16666666666666669,0.27679529550582704,0.009923780024391413
FLOWPanel refined 2,0.24892000000000003,0.3318933333333334,0.23333333333333336,0.2850219652334496,0.007947651493212813
FLOWPanel refined 2,0.3318933333333334,0.4148666666666667,0.30000000000000004,0.2898851400810536,0.007528042940005499
FLOWPanel refined 2,0.4148666666666667,0.49784000000000006,0.36666666666666675,0.29453334750699234,0.007007051845193168
FLOWPanel refined 2,0.49784000000000006,0.5808133333333334,0.4333333333333334,0.2971135812981841,0.007008615432738528
FLOWPanel refined 2,0.5808133333333334,0.6637866666666667,0.5000000000000001,0.30013034271763417,0.006348391879011628
FLOWPanel refined 2,0.6637866666666667,0.7467599999999999,0.5666666666666667,0.2999813795694906,0.006358478056275415
FLOWPanel refined 2,0.7467599999999999,0.8297333333333332,0.6333333333333333,0.297968390590465,0.006126690340497788
FLOWPanel refined 2,0.8297333333333332,0.9127066666666666,0.7,0.2923646768222379,0.005671489052155123
FLOWPanel refined 2,0.9127066666666666,0.9956799999999999,0.7666666666666666,0.28067814159612786,0.004431918115159349
FLOWPanel refined 2,0.9956799999999999,1.0786533333333332,0.8333333333333333,0.2577812804330633,0.0021446907265830037
FLOWPanel refined 2,1.0786533333333332,1.1616266666666666,0.9,0.21585703467975972,-0.002212859916861359
FLOWPanel refined 2,1.1616266666666666,1.244600001,0.9666666670684022,0.1435279826641735,-0.016960597709792618
WingCAD coarse,-1.244600001,-1.1616266666666666,-0.9666666670684022,0.16281167258008408,-0.001810749219505241
WingCAD coarse,-1.1616266666666666,-1.0786533333333332,-0.9,0.205561780501545,0.00021637426238599786
WingCAD coarse,-1.0786533333333332,-0.9956799999999999,-0.8333333333333333,0.23926194851268473,0.0016018425972045703
WingCAD coarse,-0.9956799999999999,-0.9127066666666666,-0.7666666666666666,0.2600164947063734,0.0022702037354601023
WingCAD coarse,-0.9127066666666666,-0.8297333333333332,-0.7,0.27225274530189275,0.0028942371999332696
WingCAD coarse,-0.8297333333333332,-0.74676,-0.6333333333333333,0.27880345316129496,0.0031340766271026467
WingCAD coarse,-0.74676,-0.6637866666666666,-0.5666666666666667,0.2821666389560162,0.0035354430837903125
WingCAD coarse,-0.6637866666666666,-0.5808133333333333,-0.5,0.28351319462874514,0.0038228282765687014
WingCAD coarse,-0.5808133333333333,-0.49783999999999995,-0.43333333333333335,0.28445097316445744,0.004053630715719763
WingCAD coarse,-0.49783999999999995,-0.4148666666666666,-0.36666666666666664,0.28094307260103124,0.004609816731831289
WingCAD coarse,-0.4148666666666666,-0.33189333333333326,-0.3,0.28174002467465503,0.004781986551791316
WingCAD coarse,-0.33189333333333326,-0.24892000000000003,-0.23333333333333334,0.27559977079152076,0.005726880619386429
WingCAD coarse,-0.24892000000000003,-0.1659466666666667,-0.16666666666666669,0.27317677629652526,0.006784120642215584
WingCAD coarse,-0.1659466666666667,-0.08297333333333334,-0.10000000000000002,0.26991133261444133,0.00890597988911071
WingCAD coarse,-0.08297333333333334,0.0,-0.03333333333333334,0.25892639142551993,0.01841984831896661
WingCAD coarse,0.0,0.08297333333333334,0.03333333333333334,0.2589263914255201,0.018419848318966467
WingCAD coarse,0.08297333333333334,0.1659466666666667,0.10000000000000002,0.26991133261443856,0.008905979889110934
WingCAD coarse,0.1659466666666667,0.24892000000000003,0.16666666666666669,0.27317677629652326,0.006784120642216578
WingCAD coarse,0.24892000000000003,0.3318933333333334,0.23333333333333336,0.27559977079152026,0.00572688061938779
WingCAD coarse,0.3318933333333334,0.4148666666666667,0.30000000000000004,0.281740024674652,0.004781986551791329
WingCAD coarse,0.4148666666666667,0.49784000000000006,0.36666666666666675,0.28094307260102913,0.004609816731830598
WingCAD coarse,0.49784000000000006,0.5808133333333334,0.4333333333333334,0.2844509731644621,0.004053630715718172
WingCAD coarse,0.5808133333333334,0.6637866666666667,0.5000000000000001,0.28351319462874863,0.0038228282765670214
WingCAD coarse,0.6637866666666667,0.7467599999999999,0.5666666666666667,0.28216663895601524,0.003535443083791429
WingCAD coarse,0.7467599999999999,0.8297333333333332,0.6333333333333333,0.2788034531612901,0.0031340766271023353
WingCAD coarse,0.8297333333333332,0.9127066666666666,0.7,0.2722527453018885,0.0028942371999317405
WingCAD coarse,0.9127066666666666,0.9956799999999999,0.7666666666666666,0.2600164947063661,0.0022702037354621956
WingCAD coarse,0.9956799999999999,1.0786533333333332,0.8333333333333333,0.23926194851267882,0.0016018425972065436
WingCAD coarse,1.0786533333333332,1.1616266666666666,0.9,0.20556178050154347,0.00021637426238647927
WingCAD coarse,1.1616266666666666,1.244600001,0.9666666670684022,0.16281167258008294,-0.001810749219504579
WingCAD medium,-1.244600001,-1.1616266666666666,-0.9666666670684022,0.16143024429615227,-0.009232935650304714
WingCAD medium,-1.1616266666666666,-1.0786533333333332,-0.9,0.20658595175541955,-6.501429016081616e-05
WingCAD medium,-1.0786533333333332,-0.9956799999999999,-0.8333333333333333,0.24266271555572852,0.0021987093164641727
WingCAD medium,-0.9956799999999999,-0.9127066666666666,-0.7666666666666666,0.2637577683820185,0.003136576125419853
WingCAD medium,-0.9127066666666666,-0.8297333333333332,-0.7,0.2756435481413244,0.0036692672855151306
WingCAD medium,-0.8297333333333332,-0.74676,-0.6333333333333333,0.2819867370890486,0.004002555994430296
WingCAD medium,-0.74676,-0.6637866666666666,-0.5666666666666667,0.2852267984009274,0.004226102745808285
WingCAD medium,-0.6637866666666666,-0.5808133333333333,-0.5,0.28659631279201714,0.004406467275106136
WingCAD medium,-0.5808133333333333,-0.49783999999999995,-0.43333333333333335,0.2865560135857666,0.0046069613067060275
WingCAD medium,-0.49783999999999995,-0.4148666666666666,-0.36666666666666664,0.2852054962478503,0.004897067632076885
WingCAD medium,-0.4148666666666666,-0.33189333333333326,-0.3,0.2826084909169935,0.005356759532612719
WingCAD medium,-0.33189333333333326,-0.24892000000000003,-0.23333333333333334,0.27910866670777046,0.00607689620937598
WingCAD medium,-0.24892000000000003,-0.1659466666666667,-0.16666666666666669,0.27534663991736813,0.007237289607200997
WingCAD medium,-0.1659466666666667,-0.08297333333333334,-0.10000000000000002,0.27115670468747577,0.00981303702579356
WingCAD medium,-0.08297333333333334,0.0,-0.03333333333333334,0.25860998085049425,0.021235078045756497
WingCAD medium,0.0,0.08297333333333334,0.03333333333333334,0.2586099808504957,0.02123507804575798
WingCAD medium,0.08297333333333334,0.1659466666666667,0.10000000000000002,0.2711567046874754,0.009813037025793225
WingCAD medium,0.1659466666666667,0.24892000000000003,0.16666666666666669,0.27534663991737024,0.007237289607199232
WingCAD medium,0.24892000000000003,0.3318933333333334,0.23333333333333336,0.279108666707774,0.00607689620937558
WingCAD medium,0.3318933333333334,0.4148666666666667,0.30000000000000004,0.28260849091699275,0.005356759532612473
WingCAD medium,0.4148666666666667,0.49784000000000006,0.36666666666666675,0.2852054962478492,0.004897067632074643
WingCAD medium,0.49784000000000006,0.5808133333333334,0.4333333333333334,0.2865560135857629,0.004606961306705456
WingCAD medium,0.5808133333333334,0.6637866666666667,0.5000000000000001,0.28659631279201425,0.0044064672751064245
WingCAD medium,0.6637866666666667,0.7467599999999999,0.5666666666666667,0.2852267984009256,0.004226102745808103
WingCAD medium,0.7467599999999999,0.8297333333333332,0.6333333333333333,0.2819867370890471,0.0040025559944299825
WingCAD medium,0.8297333333333332,0.9127066666666666,0.7,0.27564354814132186,0.003669267285515604
WingCAD medium,0.9127066666666666,0.9956799999999999,0.7666666666666666,0.26375776838201825,0.0031365761254189897
WingCAD medium,0.9956799999999999,1.0786533333333332,0.8333333333333333,0.24266271555572522,0.0021987093164644303
WingCAD medium,1.0786533333333332,1.1616266666666666,0.9,0.20658595175541228,-6.501429015623648e-05
WingCAD medium,1.1616266666666666,1.244600001,0.9666666670684022,0.1614302442961558,-0.00923293565030598
WingCAD fine,-1.244600001,-1.1616266666666666,-0.9666666670684022,0.16236876683460216,-0.015715753419694133
WingCAD fine,-1.1616266666666666,-1.0786533333333332,-0.9,0.20702847325275242,-0.0009942892334745411
WingCAD fine,-1.0786533333333332,-0.9956799999999999,-0.8333333333333333,0.246872241141139,0.002722812419574676
WingCAD fine,-0.9956799999999999,-0.9127066666666666,-0.7666666666666666,0.2676278026029828,0.0039415393267791645
WingCAD fine,-0.9127066666666666,-0.8297333333333332,-0.7,0.2794734612156126,0.004403520443049177
WingCAD fine,-0.8297333333333332,-0.74676,-0.6333333333333333,0.28603598366456184,0.0046244013160709795
WingCAD fine,-0.74676,-0.6637866666666666,-0.5666666666666667,0.28879774511846357,0.0050407949034072565
WingCAD fine,-0.6637866666666666,-0.5808133333333333,-0.5,0.2900787327923935,0.005080098877188932
WingCAD fine,-0.5808133333333333,-0.49783999999999995,-0.43333333333333335,0.28999298322461425,0.0051434877658961455
WingCAD fine,-0.49783999999999995,-0.4148666666666666,-0.36666666666666664,0.2877467556071376,0.005670300894047495
WingCAD fine,-0.4148666666666666,-0.33189333333333326,-0.3,0.2853758168778429,0.006008354232351456
WingCAD fine,-0.33189333333333326,-0.24892000000000003,-0.23333333333333334,0.2822972468486935,0.006561368729031557
WingCAD fine,-0.24892000000000003,-0.1659466666666667,-0.16666666666666669,0.2780902060266519,0.007825890507057367
WingCAD fine,-0.1659466666666667,-0.08297333333333334,-0.10000000000000002,0.2720162178447755,0.01146225850163832
WingCAD fine,-0.08297333333333334,0.0,-0.03333333333333334,0.25834310166884533,0.023806606675551147
WingCAD fine,0.0,0.08297333333333334,0.03333333333333334,0.2583431016688412,0.023806606675558884
WingCAD fine,0.08297333333333334,0.1659466666666667,0.10000000000000002,0.2720162178447823,0.011462258501640437
WingCAD fine,0.1659466666666667,0.24892000000000003,0.16666666666666669,0.27809020602664875,0.007825890507061794
WingCAD fine,0.24892000000000003,0.3318933333333334,0.23333333333333336,0.2822972468486917,0.006561368729034965
WingCAD fine,0.3318933333333334,0.4148666666666667,0.30000000000000004,0.28537581687783237,0.006008354232357606
WingCAD fine,0.4148666666666667,0.49784000000000006,0.36666666666666675,0.2877467556071402,0.005670300894050171
WingCAD fine,0.49784000000000006,0.5808133333333334,0.4333333333333334,0.2899929832246084,0.0051434877658972445
WingCAD fine,0.5808133333333334,0.6637866666666667,0.5000000000000001,0.2900787327923891,0.005080098877187721
WingCAD fine,0.6637866666666667,0.7467599999999999,0.5666666666666667,0.2887977451184587,0.005040794903411978
WingCAD fine,0.7467599999999999,0.8297333333333332,0.6333333333333333,0.28603598366455163,0.004624401316072551
WingCAD fine,0.8297333333333332,0.9127066666666666,0.7,0.27947346121560396,0.0044035204430517
WingCAD fine,0.9127066666666666,0.9956799999999999,0.7666666666666666,0.2676278026029715,0.0039415393267811195
WingCAD fine,0.9956799999999999,1.0786533333333332,0.8333333333333333,0.24687224114112022,0.002722812419576575
WingCAD fine,1.0786533333333332,1.1616266666666666,0.9,0.2070284732527453,-0.0009942892334818586
WingCAD fine,1.1616266666666666,1.244600001,0.9666666670684022,0.16236876683461005,-0.015715753419687766
